# time delay / ns, fit / counts
2.003296999999999883e+00,5.921312086449162962e+03
2.015513000000000332e+00,5.896791705977711899e+03
2.027727999999999753e+00,5.872375068823679612e+03
2.039942999999999174e+00,5.848059741469245637e+03
2.052158000000000371e+00,5.823845303558588967e+03
2.064374000000000819e+00,5.799729366454116644e+03
2.076589000000000240e+00,5.775715461506967586e+03
2.088803999999999661e+00,5.751801195338181060e+03
2.101018999999999082e+00,5.727986154525361599e+03
2.113234000000000279e+00,5.704269927361484406e+03
2.125450000000000728e+00,5.680650174355047056e+03
2.137665000000000148e+00,5.657130354199828616e+03
2.149879999999999569e+00,5.633708122760513106e+03
2.162095000000000766e+00,5.610383075120842477e+03
2.174310999999999439e+00,5.587152910377291846e+03
2.186526000000000636e+00,5.564021030175342275e+03
2.198741000000000057e+00,5.540985129044257519e+03
2.210955999999999477e+00,5.518044808746538365e+03
2.223171999999999926e+00,5.495197806330146705e+03
2.235386999999999347e+00,5.472447467333253371e+03
2.247602000000000544e+00,5.449791524311937792e+03
2.259816999999999965e+00,5.427229585597309779e+03
2.272031999999999385e+00,5.404761261145583376e+03
2.284247999999999834e+00,5.382384334564837445e+03
2.296462999999999255e+00,5.360102082558976690e+03
2.308678000000000452e+00,5.337912284336615812e+03
2.320892999999999873e+00,5.315814556287429696e+03
2.333109000000000322e+00,5.293806718577040556e+03
2.345323999999999742e+00,5.271891993862838717e+03
2.357538999999999163e+00,5.250068197983554455e+03
2.369754000000000360e+00,5.228334953656190009e+03
2.381968999999999781e+00,5.206691885163179904e+03
2.394185000000000230e+00,5.185136857520122248e+03
2.406399999999999650e+00,5.163673027078404630e+03
2.418614999999999071e+00,5.142298254615758196e+03
2.430830000000000268e+00,5.121012170611760666e+03
2.443046000000000717e+00,5.099812675296817361e+03
2.455261000000000138e+00,5.078702872960911918e+03
2.467475999999999559e+00,5.057680659666474639e+03
2.479691000000000756e+00,5.036745671988016511e+03
2.491906999999999428e+00,5.015895844789907642e+03
2.504122000000000625e+00,4.995134231159428055e+03
2.516337000000000046e+00,4.974458761861726089e+03
2.528551999999999467e+00,4.953869079465715004e+03
2.540767000000000664e+00,4.933364828023365590e+03
2.552982999999999336e+00,4.912943984889099738e+03
2.565198000000000533e+00,4.892609540333094628e+03
2.577412999999999954e+00,4.872359467694890554e+03
2.589627999999999375e+00,4.852193416897529460e+03
2.601843999999999824e+00,4.832109398657285965e+03
2.614058999999999244e+00,4.812110353922319518e+03
2.626274000000000441e+00,4.792194289460247091e+03
2.638488999999999862e+00,4.772360860968344241e+03
2.650703999999999283e+00,4.752609725572464413e+03
2.662919999999999732e+00,4.732938934918288396e+03
2.675134999999999152e+00,4.713351369444127158e+03
2.687350000000000350e+00,4.693845076928245362e+03
2.699564999999999770e+00,4.674419720151928232e+03
2.711781000000000219e+00,4.655073382897347074e+03
2.723995999999999640e+00,4.635808898092366690e+03
2.736211000000000837e+00,4.616624345715532399e+03
2.748426000000000258e+00,4.597519394110274334e+03
2.760642000000000706e+00,4.578492158665188072e+03
2.772857000000000127e+00,4.559545425581340169e+03
2.785071999999999548e+00,4.540677306506443529e+03
2.797287000000000745e+00,4.521887475254318815e+03
2.809502000000000166e+00,4.503175606992211215e+03
2.821718000000000615e+00,4.484539855884495410e+03
2.833933000000000035e+00,4.465982950806302142e+03
2.846147999999999456e+00,4.447503042258087589e+03
2.858363000000000653e+00,4.429099810764938411e+03
2.870578999999999326e+00,4.410771440936768158e+03
2.882794000000000523e+00,4.392520616638160391e+03
2.895008999999999943e+00,4.374345518875545167e+03
2.907223999999999364e+00,4.356245833443482297e+03
2.919439999999999813e+00,4.338219774895232149e+03
2.931654999999999234e+00,4.320269982827267086e+03
2.943870000000000431e+00,4.302394668248799462e+03
2.956084999999999852e+00,4.284593522136952743e+03
2.968299999999999272e+00,4.266866236751046017e+03
2.980515999999999721e+00,4.249211063379812003e+03
2.992730999999999142e+00,4.231630587310167357e+03
3.004946000000000339e+00,4.214123056359710972e+03
3.017160999999999760e+00,4.196688167863698254e+03
3.029377000000000209e+00,4.179324201954402270e+03
3.041591999999999629e+00,4.162033701276573993e+03
3.053807000000000826e+00,4.144814942548608997e+03
3.066022000000000247e+00,4.127667628097968191e+03
3.078236999999999668e+00,4.110591461487206288e+03
3.090453000000000117e+00,4.093584758234786932e+03
3.102667999999999537e+00,4.076650008670681473e+03
3.114883000000000735e+00,4.059785524969712242e+03
3.127098000000000155e+00,4.042991015583934768e+03
3.139314000000000604e+00,4.026264823815937234e+03
3.151529000000000025e+00,4.009609398919758860e+03
3.163743999999999446e+00,3.993023080909504188e+03
3.175959000000000643e+00,3.976505583046065112e+03
3.188174999999999315e+00,3.960055275957886352e+03
3.200390000000000512e+00,3.943674568500586247e+03
3.212604999999999933e+00,3.927361828068365412e+03
3.224819999999999354e+00,3.911116772651640076e+03
3.237035000000000551e+00,3.894939121410939151e+03
3.249250999999999223e+00,3.878827278498943997e+03
3.261466000000000420e+00,3.862783603209195462e+03
3.273680999999999841e+00,3.846806496526672163e+03
3.285895999999999262e+00,3.830895682244120962e+03
3.298111999999999711e+00,3.815049590836392781e+03
3.310326999999999131e+00,3.799270542682447285e+03
3.322542000000000328e+00,3.783556965141681303e+03
3.334756999999999749e+00,3.767908586562658456e+03
3.346971999999999170e+00,3.752325136421072330e+03
3.359187999999999619e+00,3.736805077484669710e+03
3.371403000000000816e+00,3.721350682390736893e+03
3.383618000000000237e+00,3.705960410855673672e+03
3.395832999999999657e+00,3.690633996817248772e+03
3.408049000000000106e+00,3.675369928398581578e+03
3.420263999999999527e+00,3.660170440751690876e+03
3.432479000000000724e+00,3.645034018998670490e+03
3.444694000000000145e+00,3.629960401465773884e+03
3.456910000000000593e+00,3.614948101213274640e+03
3.469125000000000014e+00,3.599999316526209896e+03
3.481339999999999435e+00,3.585112557513333286e+03
3.493555000000000632e+00,3.570287566816981325e+03
3.505770000000000053e+00,3.555524088147330076e+03
3.517986000000000502e+00,3.540820665158358224e+03
3.530200999999999922e+00,3.526179450905505291e+03
3.542415999999999343e+00,3.511598986151958798e+03
3.554631000000000540e+00,3.497079018835174338e+03
3.566846999999999213e+00,3.482618116630361783e+03
3.579062000000000410e+00,3.468218397080086106e+03
3.591276999999999830e+00,3.453878425016442634e+03
3.603491999999999251e+00,3.439597952534451451e+03
3.615707000000000448e+00,3.425376732757742047e+03
3.627922999999999121e+00,3.411213362831529139e+03
3.640138000000000318e+00,3.397109916730054465e+03
3.652352999999999739e+00,3.383064988813914624e+03
3.664567999999999159e+00,3.369078336278761526e+03
3.676783999999999608e+00,3.355148579408729802e+03
3.688999000000000805e+00,3.341277757969581216e+03
3.701214000000000226e+00,3.327464489506768587e+03
3.713428999999999647e+00,3.313708535220798240e+03
3.725645000000000095e+00,3.300008538153077552e+03
3.737859999999999516e+00,3.286366504425122912e+03
3.750075000000000713e+00,3.272781074384822205e+03
3.762290000000000134e+00,3.259252013171490489e+03
3.774504999999999555e+00,3.245779086898922287e+03
3.786721000000000004e+00,3.232360966527872279e+03
3.798935999999999424e+00,3.218999616904015056e+03
3.811151000000000622e+00,3.205693706350009506e+03
3.823366000000000042e+00,3.192443004837415174e+03
3.835582000000000491e+00,3.179246205248385650e+03
3.847796999999999912e+00,3.166105240020095152e+03
3.860011999999999333e+00,3.153018799440117618e+03
3.872227000000000530e+00,3.139986657274135723e+03
3.884442999999999202e+00,3.127007527964137807e+03
3.896658000000000399e+00,3.114083312073338675e+03
3.908872999999999820e+00,3.101212721491941011e+03
3.921087999999999241e+00,3.088395533717172839e+03
3.933303000000000438e+00,3.075631527169478886e+03
3.945518999999999110e+00,3.062919442741131661e+03
3.957734000000000307e+00,3.050261141891361603e+03
3.969948999999999728e+00,3.037655363013159331e+03
3.982163999999999149e+00,3.025101888181737650e+03
3.994379999999999598e+00,3.012599479057305871e+03
4.006595000000000795e+00,3.000149966395870251e+03
4.018810000000000215e+00,2.987752109399582878e+03
4.031024999999999636e+00,2.975405693738144691e+03
4.043240000000000833e+00,2.963110505970560553e+03
4.055455999999999506e+00,2.950865333235817161e+03
4.067671000000000703e+00,2.938671968622210898e+03
4.079886000000000124e+00,2.926529196861243236e+03
4.092100999999999544e+00,2.914436808032451154e+03
4.104316999999999993e+00,2.902393609279954944e+03
4.116531999999999414e+00,2.890401364116550667e+03
4.128747000000000611e+00,2.878458877318581926e+03
4.140962000000000032e+00,2.866565942428052040e+03
4.153178000000000480e+00,2.854721386264251578e+03
4.165392999999999901e+00,2.842926943252292858e+03
4.177607999999999322e+00,2.831181437882745286e+03
4.189823000000000519e+00,2.819484667102962248e+03
4.202037999999999940e+00,2.807836428702810736e+03
4.214254000000000389e+00,2.796235573639709401e+03
4.226468999999999809e+00,2.784683800653068829e+03
4.238683999999999230e+00,2.773179958419500963e+03
4.250899000000000427e+00,2.761723848064155391e+03
4.263114999999999100e+00,2.750314339496964294e+03
4.275330000000000297e+00,2.738953103438031121e+03
4.287544999999999717e+00,2.727639007554098498e+03
4.299759999999999138e+00,2.716371856250593737e+03
4.311975000000000335e+00,2.705151454744505372e+03
4.324191000000000784e+00,2.693976696197305500e+03
4.336406000000000205e+00,2.682849216954128224e+03
4.348620999999999626e+00,2.671767907979405209e+03
4.360836000000000823e+00,2.660732577702911840e+03
4.373051999999999495e+00,2.649742137542504679e+03
4.385267000000000692e+00,2.638798196853155332e+03
4.397482000000000113e+00,2.627899664891924658e+03
4.409696999999999534e+00,2.617046353248379546e+03
4.421912999999999982e+00,2.606237191295632783e+03
4.434127999999999403e+00,2.595473761843685224e+03
4.446343000000000600e+00,2.584754992140492050e+03
4.458558000000000021e+00,2.574080696883298970e+03
4.470772999999999442e+00,2.563450691538207593e+03
4.482988999999999891e+00,2.552863927506420168e+03
4.495203999999999311e+00,2.542321955031708967e+03
4.507419000000000509e+00,2.531823723433843497e+03
4.519633999999999929e+00,2.521369051222663529e+03
4.531850000000000378e+00,2.510956907095139741e+03
4.544064999999999799e+00,2.500588815725056065e+03
4.556279999999999220e+00,2.490263743762284776e+03
4.568495000000000417e+00,2.479981512710189691e+03
4.580710999999999089e+00,2.469741108276238265e+03
4.592926000000000286e+00,2.459544029985976067e+03
4.605140999999999707e+00,2.449389261533534409e+03
4.617355999999999128e+00,2.439276627366433331e+03
4.629571000000000325e+00,2.429205952660594903e+03
4.641787000000000774e+00,2.419176243992498257e+03
4.654002000000000194e+00,2.409188970035036618e+03
4.666216999999999615e+00,2.399243135392776821e+03
4.678432000000000812e+00,2.389338568125218899e+03
4.690647999999999485e+00,2.379474291194541365e+03
4.702863000000000682e+00,2.369651749049090995e+03
4.715078000000000102e+00,2.359869962711660719e+03
4.727292999999999523e+00,2.350128763077768326e+03
4.739508000000000720e+00,2.340427981744581757e+03
4.751723999999999393e+00,2.330766661776779529e+03
4.763939000000000590e+00,2.321146217903261913e+03
4.776154000000000011e+00,2.311565691289224560e+03
4.788368999999999431e+00,2.302024916309500441e+03
4.800584999999999880e+00,2.292522951812619340e+03
4.812799999999999301e+00,2.283061189192706479e+03
4.825015000000000498e+00,2.273638685430136775e+03
4.837229999999999919e+00,2.264255277631597892e+03
4.849446000000000367e+00,2.254910040169132571e+03
4.861660999999999788e+00,2.245604341486971407e+03
4.873875999999999209e+00,2.236337254119818681e+03
4.886091000000000406e+00,2.227108617861149469e+03
4.898305999999999827e+00,2.217918273169171243e+03
4.910522000000000276e+00,2.208765313460672132e+03
4.922736999999999696e+00,2.199651079024216415e+03
4.934951999999999117e+00,2.190574661477057361e+03
4.947167000000000314e+00,2.181535903908908949e+03
4.959383000000000763e+00,2.172533914689902758e+03
4.971598000000000184e+00,2.163570012001651776e+03
4.983812999999999604e+00,2.154643302444429537e+03
4.996028000000000802e+00,2.145753631696057255e+03
5.008243000000000222e+00,2.136900846074671790e+03
5.020459000000000671e+00,2.128084072295638180e+03
5.032674000000000092e+00,2.119304601419054052e+03
5.044888999999999513e+00,2.110561558426845750e+03
5.057104000000000710e+00,2.101854792172003272e+03
5.069319999999999382e+00,2.093183443774001262e+03
5.081535000000000579e+00,2.084548782997967010e+03
5.093750000000000000e+00,2.075949949258528704e+03
5.105964999999999421e+00,2.067386793901720011e+03
5.118180999999999869e+00,2.058858472213535151e+03
5.130395999999999290e+00,2.050366233015382932e+03
5.142611000000000487e+00,2.041909229916528375e+03
5.154825999999999908e+00,2.033487316714934650e+03
5.167040999999999329e+00,2.025100347815183113e+03
5.179256999999999778e+00,2.016747495883212650e+03
5.191471999999999198e+00,2.008429984045999163e+03
5.203687000000000396e+00,2.000146983327251291e+03
5.215901999999999816e+00,1.991898350533031135e+03
5.228118000000000265e+00,1.983683271975465004e+03
5.240332999999999686e+00,1.975502950607063440e+03
5.252547999999999107e+00,1.967356571124813627e+03
5.264763000000000304e+00,1.959243992696638770e+03
5.276977999999999724e+00,1.951165075074807419e+03
5.289194000000000173e+00,1.943119021313031681e+03
5.301408999999999594e+00,1.935107009613138416e+03
5.313624000000000791e+00,1.927128241446928541e+03
5.325839000000000212e+00,1.919182578879941502e+03
5.338055000000000661e+00,1.911269238110857032e+03
5.350270000000000081e+00,1.903389377908039933e+03
5.362484999999999502e+00,1.895542212914353058e+03
5.374700000000000699e+00,1.887727607470446628e+03
5.386915999999999372e+00,1.879944790703159924e+03
5.399131000000000569e+00,1.872194902267926864e+03
5.411345999999999989e+00,1.864477169761430787e+03
5.423560999999999410e+00,1.856791459761910346e+03
5.435776000000000607e+00,1.849137639401199749e+03
5.447991999999999280e+00,1.841514953666810925e+03
5.460207000000000477e+00,1.833924518765829816e+03
5.472421999999999898e+00,1.826365578187095707e+03
5.484636999999999318e+00,1.818838001253993070e+03
5.496852999999999767e+00,1.811341045407335741e+03
5.509067999999999188e+00,1.803875808443302958e+03
5.521283000000000385e+00,1.796441546328754384e+03
5.533497999999999806e+00,1.789038130542480303e+03
5.545714000000000254e+00,1.781664830773192534e+03
5.557928999999999675e+00,1.774322726709832068e+03
5.570143999999999096e+00,1.767011086591468938e+03
5.582359000000000293e+00,1.759729784016741405e+03
5.594573999999999714e+00,1.752478693108757625e+03
5.606790000000000163e+00,1.745257098582343360e+03
5.619004999999999583e+00,1.738066057911898952e+03
5.631220000000000780e+00,1.730904854392434572e+03
5.643435000000000201e+00,1.723773364223293356e+03
5.655651000000000650e+00,1.716670883917338870e+03
5.667866000000000071e+00,1.709598453506805072e+03
5.680080999999999491e+00,1.702555368108160110e+03
5.692296000000000689e+00,1.695541505962732117e+03
5.704511000000000109e+00,1.688556745817056026e+03
5.716727000000000558e+00,1.681600398658204540e+03
5.728941999999999979e+00,1.674673483119805041e+03
5.741156999999999400e+00,1.667775308821266663e+03
5.753372000000000597e+00,1.660905756509095227e+03
5.765587999999999269e+00,1.654064148535065669e+03
5.777803000000000466e+00,1.647251486731283876e+03
5.790017999999999887e+00,1.640467092104416906e+03
5.802232999999999308e+00,1.633710847367958877e+03
5.814448999999999756e+00,1.626982086050928501e+03
5.826663999999999177e+00,1.620281793461043208e+03
5.838879000000000374e+00,1.613609301804400729e+03
5.851093999999999795e+00,1.606964495729039982e+03
5.863308999999999216e+00,1.600347260361620783e+03
5.875524999999999665e+00,1.593756942943764216e+03
5.887739999999999085e+00,1.587194508510536252e+03
5.899955000000000283e+00,1.580659303007856579e+03
5.912169999999999703e+00,1.574151213457126687e+03
5.924386000000000152e+00,1.567669597866675758e+03
5.936600999999999573e+00,1.561215405354116911e+03
5.948816000000000770e+00,1.554787992653448327e+03
5.961031000000000191e+00,1.548387248649560433e+03
5.973245999999999611e+00,1.542013062688380614e+03
5.985462000000000060e+00,1.535664805987182945e+03
5.997676999999999481e+00,1.529343408135536947e+03
6.009892000000000678e+00,1.523048239102604384e+03
6.022107000000000099e+00,1.516779190059462053e+03
6.034323000000000548e+00,1.510535642594635192e+03
6.046537999999999968e+00,1.504318510964881398e+03
6.058752999999999389e+00,1.498127175531201829e+03
6.070968000000000586e+00,1.491961529259713188e+03
6.083183999999999259e+00,1.485820963939128660e+03
6.095399000000000456e+00,1.479706378746294604e+03
6.107613999999999876e+00,1.473617164262646611e+03
6.119828999999999297e+00,1.467553215219737467e+03
6.132044000000000494e+00,1.461514426785900469e+03
6.144259999999999167e+00,1.455500203263763069e+03
6.156475000000000364e+00,1.449511425329656959e+03
6.168689999999999785e+00,1.443547496103770754e+03
6.180904999999999205e+00,1.437608312483550435e+03
6.193120999999999654e+00,1.431693288597155515e+03
6.205335999999999075e+00,1.425803290594894634e+03
6.217551000000000272e+00,1.419937731441990536e+03
6.229765999999999693e+00,1.414096509736482858e+03
6.241982000000000141e+00,1.408279049270001451e+03
6.254196999999999562e+00,1.402486201906421911e+03
6.266412000000000759e+00,1.396717390293621293e+03
6.278627000000000180e+00,1.390972514702180206e+03
6.290841999999999601e+00,1.385251475816473885e+03
6.303058000000000050e+00,1.379553709283589342e+03
6.315272999999999470e+00,1.373880049440349694e+03
6.327488000000000667e+00,1.368229930813620058e+03
6.339703000000000088e+00,1.362603255725907957e+03
6.351919000000000537e+00,1.356999469132833383e+03
6.364133999999999958e+00,1.351419391609523700e+03
6.376348999999999378e+00,1.345862467009857028e+03
6.388564000000000576e+00,1.340328599267447089e+03
6.400778999999999996e+00,1.334817692714510713e+03
6.412995000000000445e+00,1.329329203726676042e+03
6.425209999999999866e+00,1.323863935995781731e+03
6.437424999999999287e+00,1.318421344818382295e+03
6.449640000000000484e+00,1.313001336104651728e+03
6.461855999999999156e+00,1.307603375196855040e+03
6.474071000000000353e+00,1.302228252530597274e+03
6.486285999999999774e+00,1.296875432386865896e+03
6.498500999999999195e+00,1.291544822227771192e+03
6.510716999999999643e+00,1.286235896214309832e+03
6.522932000000000841e+00,1.280949431744509866e+03
6.535147000000000261e+00,1.275684901935600237e+03
6.547361999999999682e+00,1.270442215776024341e+03
6.559576999999999103e+00,1.265221282631855729e+03
6.571792999999999552e+00,1.260021587483199937e+03
6.584008000000000749e+00,1.254843891733163446e+03
6.596223000000000170e+00,1.249687679339558372e+03
6.608437999999999590e+00,1.244552861163387206e+03
6.620654000000000039e+00,1.239438930679584018e+03
6.632868999999999460e+00,1.234346636732541128e+03
6.645084000000000657e+00,1.229275471791757127e+03
6.657299000000000078e+00,1.224225348188511589e+03
6.669513999999999498e+00,1.219196178617836267e+03
6.681729999999999947e+00,1.214187466976391761e+03
6.693944999999999368e+00,1.209199946701136241e+03
6.706160000000000565e+00,1.204233120703982422e+03
6.718374999999999986e+00,1.199286903119987983e+03
6.730591000000000435e+00,1.194360806028625120e+03
6.742805999999999855e+00,1.189455550769418778e+03
6.755020999999999276e+00,1.184570648453336617e+03
6.767236000000000473e+00,1.179706014631706012e+03
6.779451999999999146e+00,1.174861169431847657e+03
6.791667000000000343e+00,1.170036822295384809e+03
6.803881999999999763e+00,1.165232492397107762e+03
6.816096999999999184e+00,1.160448096681253901e+03
6.828312000000000381e+00,1.155683552436677701e+03
6.840528000000000830e+00,1.150938389664053375e+03
6.852743000000000251e+00,1.146213303208282696e+03
6.864957999999999672e+00,1.141507822137107496e+03
6.877172999999999092e+00,1.136821865103633399e+03
6.889388999999999541e+00,1.132154969860783012e+03
6.901604000000000738e+00,1.127507819792567716e+03
6.913819000000000159e+00,1.122879951734366841e+03
6.926033999999999580e+00,1.118271285681036716e+03
6.938250000000000028e+00,1.113681367009881342e+03
6.950464999999999449e+00,1.109110867833060183e+03
6.962680000000000646e+00,1.104559332625467505e+03
6.974895000000000067e+00,1.100026682701578920e+03
6.987109999999999488e+00,1.095512839702352494e+03
6.999325999999999937e+00,1.091017358358928959e+03
7.011540999999999357e+00,1.086540896954797290e+03
7.023756000000000554e+00,1.082083009337255362e+03
7.035970999999999975e+00,1.077643618439729835e+03
7.048187000000000424e+00,1.073222286337703736e+03
7.060401999999999845e+00,1.068819660456823158e+03
7.072616999999999265e+00,1.064435302003307470e+03
7.084832000000000463e+00,1.060069135181730189e+03
7.097046999999999883e+00,1.055721084511157642e+03
7.109263000000000332e+00,1.051390721077346825e+03
7.121477999999999753e+00,1.047078678985195893e+03
7.133692999999999174e+00,1.042784528469082261e+03
7.145908000000000371e+00,1.038508195293067047e+03
7.158124000000000819e+00,1.034249257617491594e+03
7.170339000000000240e+00,1.030008339088221192e+03
7.182553999999999661e+00,1.025785017028259517e+03
7.194768999999999082e+00,1.021579218426128250e+03
7.206984999999999530e+00,1.017390528400065477e+03
7.219200000000000728e+00,1.013219560309412145e+03
7.231415000000000148e+00,1.009065898448881853e+03
7.243629999999999569e+00,1.004929471011258443e+03
7.255845000000000766e+00,1.000810206487270875e+03
7.268060999999999439e+00,9.967076985313278783e+02
7.280276000000000636e+00,9.926225478829339863e+02
7.292491000000000057e+00,9.885543473899163018e+02
7.304705999999999477e+00,9.845030267224898353e+02
7.316921999999999926e+00,9.804681862373948888e+02
7.329136999999999347e+00,9.764504167654387174e+02
7.341352000000000544e+00,9.724493178700837461e+02
7.353566999999999965e+00,9.684648203815775105e+02
7.365781999999999385e+00,9.644968554171663300e+02
7.377997999999999834e+00,9.605450315562291053e+02
7.390212999999999255e+00,9.566099274732611093e+02
7.402428000000000452e+00,9.526911509706845891e+02
7.414642999999999873e+00,9.487886343019114292e+02
7.426859000000000322e+00,9.449019925024797431e+02
7.439073999999999742e+00,9.410317947021271721e+02
7.451288999999999163e+00,9.371776551722520026e+02
7.463504000000000360e+00,9.333395072836874533e+02
7.475720000000000809e+00,9.295169724216430041e+02
7.487935000000000230e+00,9.257106103285333347e+02
7.500149999999999650e+00,9.219200416380288061e+02
7.512364999999999071e+00,9.181452008199576085e+02
7.524580000000000268e+00,9.143860226160444427e+02
7.536796000000000717e+00,9.106421362014773422e+02
7.549011000000000138e+00,9.069140898020011718e+02
7.561225999999999559e+00,9.032015118567283025e+02
7.573441000000000756e+00,8.995043381837656398e+02
7.585656999999999428e+00,8.958222040747501751e+02
7.597872000000000625e+00,8.921556487128943900e+02
7.610087000000000046e+00,8.885043066659027318e+02
7.622301999999999467e+00,8.848681148105081320e+02
7.634517000000000664e+00,8.812470102853561684e+02
7.646732999999999336e+00,8.776406358859389911e+02
7.658948000000000533e+00,8.740495197018035469e+02
7.671162999999999954e+00,8.704733038194038954e+02
7.683377999999999375e+00,8.669119264142307202e+02
7.695593999999999824e+00,8.633650361735675460e+02
7.707808999999999244e+00,8.598331524765636686e+02
7.720024000000000441e+00,8.563159233131583505e+02
7.732238999999999862e+00,8.528132878785886533e+02
7.744455000000000311e+00,8.493249006547484896e+02
7.756669999999999732e+00,8.458512724540597674e+02
7.768884999999999152e+00,8.423920570725755397e+02
7.781100000000000350e+00,8.389471947084557542e+02
7.793314999999999770e+00,8.355166258079924546e+02
7.805531000000000219e+00,8.321000119620956639e+02
7.817745999999999640e+00,8.286978534732492108e+02
7.829961000000000837e+00,8.253098112606335235e+02
7.842176000000000258e+00,8.219358267528293709e+02
7.854392000000000706e+00,8.185755671225253991e+02
7.866607000000000127e+00,8.152295244201293372e+02
7.878821999999999548e+00,8.118973651576802695e+02
7.891037000000000745e+00,8.085790317298439049e+02
7.903252999999999417e+00,8.052741967990219791e+02
7.915468000000000615e+00,8.019833442996564372e+02
7.927683000000000035e+00,7.987061462443946311e+02
7.939897999999999456e+00,7.954425459780560459e+02
7.952113000000000653e+00,7.921924870805328283e+02
7.964328999999999326e+00,7.889556489491800448e+02
7.976544000000000523e+00,7.857325055615145857e+02
7.988758999999999943e+00,7.825227356785062511e+02
8.000973999999999364e+00,7.793262838106510344e+02
8.013189999999999813e+00,7.761428346433774550e+02
8.025404999999999234e+00,7.729728543363377185e+02
8.037620000000000431e+00,7.698160269490713290e+02
8.049834999999999852e+00,7.666722979073291526e+02
8.062049999999999272e+00,7.635416128633004291e+02
8.074265999999999721e+00,7.604236629899942272e+02
8.086480999999999142e+00,7.573189048558525656e+02
8.098696000000000339e+00,7.542270290208739425e+02
8.110910999999999760e+00,7.511479820336703597e+02
8.123127000000000209e+00,7.480814601610959471e+02
8.135341999999999629e+00,7.450279124408746156e+02
8.147557000000000826e+00,7.419870345369611186e+02
8.159772000000000247e+00,7.389587738796042231e+02
8.171988000000000696e+00,7.359428317454845683e+02
8.184203000000000117e+00,7.329396497658210592e+02
8.196417999999999537e+00,7.299489286243390325e+02
8.208633000000000735e+00,7.269706166183813139e+02
8.220848000000000155e+00,7.240046622598165413e+02
8.233064000000000604e+00,7.210507729715413916e+02
8.245279000000000025e+00,7.181093812982364852e+02
8.257493999999999446e+00,7.151801940820436130e+02
8.269709000000000643e+00,7.122631606840843688e+02
8.281924999999999315e+00,7.093579933530737662e+02
8.294140000000000512e+00,7.064651174992249025e+02
8.306354999999999933e+00,7.035842448000763625e+02
8.318569999999999354e+00,7.007153254519968186e+02
8.330785000000000551e+00,6.978583098579998705e+02
8.343000999999999223e+00,6.950129161872675922e+02
8.355216000000000420e+00,6.921795610972210397e+02
8.367430999999999841e+00,6.893579621976180078e+02
8.379645999999999262e+00,6.865480707095338175e+02
8.391861999999999711e+00,6.837496094507149564e+02
8.404077000000000908e+00,6.809629882061647095e+02
8.416291999999998552e+00,6.781879292434341551e+02
8.428506999999999749e+00,6.754243845881650259e+02
8.440722999999998422e+00,6.726720816299975922e+02
8.452937999999999619e+00,6.699314233948693982e+02
8.465153000000000816e+00,6.672021367312977418e+02
8.477367999999998460e+00,6.644841744562244230e+02
8.489582999999999657e+00,6.617774895823609995e+02
8.501798999999998330e+00,6.590818151082910390e+02
8.514013999999999527e+00,6.563975457677152008e+02
8.526229000000000724e+00,6.537244140292280008e+02
8.538443999999998368e+00,6.510623736805598583e+02
8.550660000000000593e+00,6.484111621242583396e+02
8.562874999999998238e+00,6.457711675832217679e+02
8.575089999999999435e+00,6.431421269387511757e+02
8.587305000000000632e+00,6.405239947408102807e+02
8.599520999999999304e+00,6.379165127232763552e+02
8.611736000000000502e+00,6.353200627056294252e+02
8.623951000000001699e+00,6.327343859090979095e+02
8.636165999999999343e+00,6.301594376333063110e+02
8.648381000000000540e+00,6.275951733633476124e+02
8.660596999999999213e+00,6.250413401469118071e+02
8.672812000000000410e+00,6.224983119475635931e+02
8.685027000000001607e+00,6.199658353108906113e+02
8.697241999999999251e+00,6.174438664562251233e+02
8.709458000000001476e+00,6.149321566034923308e+02
8.721672999999999121e+00,6.124310735480412404e+02
8.733888000000000318e+00,6.099403680159775831e+02
8.746103000000001515e+00,6.074599969487592261e+02
8.758317999999999159e+00,6.049899174665034707e+02
8.770534000000001384e+00,6.025298859077720408e+02
8.782748999999999029e+00,6.000802625005444497e+02
8.794964000000000226e+00,5.976408030997234846e+02
8.807179000000001423e+00,5.952114655326942056e+02
8.819395000000000095e+00,5.927920101570143743e+02
8.831610000000001293e+00,5.903827912589985090e+02
8.843824999999998937e+00,5.879835687205231807e+02
8.856040000000000134e+00,5.855943010645738696e+02
8.868255999999998807e+00,5.832147526014125560e+02
8.880471000000000004e+00,5.808452717736943214e+02
8.892686000000001201e+00,5.784856224238448021e+02
8.904900999999998845e+00,5.761357637589806018e+02
8.917116000000000042e+00,5.737956551554742646e+02
8.929331999999998715e+00,5.714650657728914211e+02
8.941546999999999912e+00,5.691443368846984185e+02
8.953762000000001109e+00,5.668332371922501807e+02
8.965976999999998753e+00,5.645317267419746941e+02
8.978193000000000978e+00,5.622395785009563269e+02
8.990407999999998623e+00,5.599571281136412608e+02
9.002622999999999820e+00,5.576841480964618540e+02
9.014838000000001017e+00,5.554205991548468546e+02
9.027052999999998661e+00,5.531664421572669426e+02
9.039269000000000887e+00,5.509214547419966266e+02
9.051483999999998531e+00,5.486859656476153759e+02
9.063698999999999728e+00,5.464597520710178742e+02
9.075914000000000925e+00,5.442427755261167022e+02
9.088129999999999598e+00,5.420348173188607461e+02
9.100345000000000795e+00,5.398362007655566686e+02
9.112559999999998439e+00,5.376467067380541494e+02
9.124774999999999636e+00,5.354662973850598746e+02
9.136990999999998309e+00,5.332947576197009312e+02
9.149205999999999506e+00,5.311324054254490648e+02
9.161421000000000703e+00,5.289790252884906749e+02
9.173635999999998347e+00,5.268345799818603155e+02
9.185850999999999544e+00,5.246990324330528210e+02
9.198066999999998217e+00,5.225721719805961811e+02
9.210281999999999414e+00,5.204543100654692580e+02
9.222497000000000611e+00,5.183452356080434811e+02
9.234711999999998255e+00,5.162449121472964180e+02
9.246928000000000480e+00,5.141531324964395253e+02
9.259143000000001678e+00,5.120702029594926898e+02
9.271357999999999322e+00,5.099959159384110876e+02
9.283573000000000519e+00,5.079302355735646302e+02
9.295788000000001716e+00,5.058731261541140043e+02
9.308004000000000389e+00,5.038243847561297457e+02
9.320219000000001586e+00,5.017843113814411140e+02
9.332433999999999230e+00,4.997527027033227114e+02
9.344649000000000427e+00,4.977295235999540068e+02
9.356864999999999100e+00,4.957145744944684225e+02
9.369080000000000297e+00,4.937081504404134762e+02
9.381295000000001494e+00,4.917100514647689806e+02
9.393509999999999138e+00,4.897202430250217162e+02
9.405726000000001363e+00,4.877385288361576272e+02
9.417940999999999008e+00,4.857651990850629886e+02
9.430156000000000205e+00,4.838000570971050252e+02
9.442371000000001402e+00,4.818430688995206310e+02
9.454585999999999046e+00,4.798942006605070674e+02
9.466802000000001271e+00,4.779532601336036919e+02
9.479016999999998916e+00,4.760205315351174136e+02
9.491232000000000113e+00,4.740958222369852706e+02
9.503447000000001310e+00,4.721790989654319901e+02
9.515662999999999982e+00,4.702701726449449779e+02
9.527878000000001180e+00,4.683693228039161340e+02
9.540092999999998824e+00,4.664763599915251575e+02
9.552308000000000021e+00,4.645912514828185067e+02
9.564523999999998694e+00,4.627138113209280732e+02
9.576738999999999891e+00,4.608443144236564422e+02
9.588954000000001088e+00,4.589825744650171373e+02
9.601168999999998732e+00,4.571285592598292737e+02
9.613383999999999929e+00,4.552822367564533579e+02
9.625599999999998602e+00,4.534434248240737588e+02
9.637814999999999799e+00,4.516123927240741978e+02
9.650030000000000996e+00,4.497889579641154114e+02
9.662244999999998640e+00,4.479730890212247232e+02
9.674461000000000865e+00,4.461646067686811534e+02
9.686675999999998510e+00,4.443637760266274199e+02
9.698890999999999707e+00,4.425704173127822401e+02
9.711106000000000904e+00,4.407844996241183821e+02
9.723320999999998548e+00,4.390059920862466925e+02
9.735537000000000774e+00,4.372347192579692319e+02
9.747751999999998418e+00,4.354709405107678322e+02
9.759966999999999615e+00,4.337144800552002266e+02
9.772182000000000812e+00,4.319653075261241497e+02
9.784397999999999485e+00,4.302232503761005660e+02
9.796613000000000682e+00,4.284885636984918165e+02
9.808827999999998326e+00,4.267610746033582814e+02
9.821042999999999523e+00,4.250407532264048882e+02
9.833258999999998196e+00,4.233274298662196884e+02
9.845473999999999393e+00,4.216213554086115778e+02
9.857689000000000590e+00,4.199223598153166108e+02
9.869903999999998234e+00,4.182304137146277299e+02
9.882118999999999431e+00,4.165454878567062451e+02
9.894335000000001656e+00,4.148674160317371502e+02
9.906549999999999301e+00,4.131964439635682425e+02
9.918765000000000498e+00,4.115324051124631524e+02
9.930980000000001695e+00,4.098752707110355686e+02
9.943196000000000367e+00,4.082248772909640024e+02
9.955411000000001565e+00,4.065814665230839751e+02
9.967625999999999209e+00,4.049448746145950508e+02
9.979841000000000406e+00,4.033150732726047067e+02
9.992056000000001603e+00,4.016920343216146421e+02
1.000427200000000028e+01,4.000755976566545655e+02
1.001648700000000147e+01,3.984659999761958034e+02
1.002870199999999912e+01,3.968630808574660591e+02
1.004091700000000031e+01,3.952668125896974516e+02
1.005313299999999899e+01,3.936770377087192969e+02
1.006534800000000018e+01,3.920939890088574202e+02
1.007756300000000138e+01,3.905175087133802094e+02
1.008977799999999903e+01,3.889475695685865730e+02
1.010199400000000125e+01,3.873840167075457543e+02
1.011420899999999889e+01,3.858270790848352476e+02
1.012642400000000009e+01,3.842766015261188954e+02
1.013863900000000129e+01,3.827325572272230261e+02
1.015085399999999893e+01,3.811949194951905611e+02
1.016307000000000116e+01,3.796635366494685968e+02
1.017528499999999880e+01,3.781386329339074450e+02
1.018750000000000000e+01,3.766200563668739960e+02
1.019971500000000120e+01,3.751077806956890868e+02
1.021193099999999987e+01,3.736016567416467069e+02
1.022414600000000107e+01,3.721019050498784395e+02
1.023636099999999871e+01,3.706083761455642502e+02
1.024857599999999991e+01,3.691210442090398374e+02
1.026079199999999858e+01,3.676397625221787848e+02
1.027300699999999978e+01,3.661647479924034201e+02
1.028522200000000097e+01,3.646958536103566644e+02
1.029743699999999862e+01,3.632330539822495439e+02
1.030965199999999982e+01,3.617763238196559996e+02
1.032186799999999849e+01,3.603255194231671226e+02
1.033408299999999969e+01,3.588808532373468552e+02
1.034629800000000088e+01,3.574421812775474905e+02
1.035851299999999853e+01,3.560094786724559981e+02
1.037072900000000075e+01,3.545826040928643010e+02
1.038294399999999840e+01,3.531617664792411801e+02
1.039515899999999959e+01,3.517468242218449177e+02
1.040737400000000079e+01,3.503377528595943318e+02
1.041958899999999844e+01,3.489345280329022216e+02
1.043180500000000066e+01,3.475370113204013478e+02
1.044401999999999830e+01,3.461454073636215867e+02
1.045623499999999950e+01,3.447595774664341093e+02
1.046845000000000070e+01,3.433794976710430547e+02
1.048066599999999937e+01,3.420050318392281952e+02
1.049288100000000057e+01,3.406363812371251925e+02
1.050509599999999821e+01,3.392734094562846963e+02
1.051731099999999941e+01,3.379160929340735038e+02
1.052952700000000164e+01,3.365642977777587248e+02
1.054174199999999928e+01,3.352182219337589117e+02
1.055395700000000048e+01,3.338777312435675526e+02
1.056617200000000167e+01,3.325428025331988238e+02
1.057838699999999932e+01,3.312134127248206141e+02
1.059060300000000154e+01,3.298894306805344740e+02
1.060281799999999919e+01,3.285710502740226957e+02
1.061503300000000038e+01,3.272581401070826246e+02
1.062724800000000158e+01,3.259506774825319440e+02
1.063946400000000025e+01,3.246485334254843451e+02
1.065167900000000145e+01,3.233518986118347698e+02
1.066389399999999910e+01,3.220606438106866563e+02
1.067610900000000029e+01,3.207747466992277054e+02
1.068832400000000149e+01,3.194941850472690135e+02
1.070054000000000016e+01,3.182188325335754939e+02
1.071275500000000136e+01,3.169488759108957652e+02
1.072496999999999900e+01,3.156841886072521106e+02
1.073718500000000020e+01,3.144247487591227923e+02
1.074940099999999887e+01,3.131704321288375468e+02
1.076161600000000007e+01,3.119214223888128572e+02
1.077383100000000127e+01,3.106775950547706771e+02
1.078604599999999891e+01,3.094389286238111367e+02
1.079826200000000114e+01,3.082053009074597867e+02
1.081047699999999878e+01,3.069768925486103512e+02
1.082269199999999998e+01,3.057535811162486539e+02
1.083490700000000118e+01,3.045353454621473475e+02
1.084712199999999882e+01,3.033221645258276453e+02
1.085933800000000105e+01,3.021139186328363735e+02
1.087155299999999869e+01,3.009107847093494570e+02
1.088376799999999989e+01,2.997126428433642218e+02
1.089598300000000108e+01,2.985194723217769024e+02
1.090819899999999976e+01,2.973311554440664963e+02
1.092041400000000095e+01,2.961478662181567643e+02
1.093262899999999860e+01,2.949694867098955342e+02
1.094484399999999980e+01,2.937959965478235631e+02
1.095705999999999847e+01,2.926272799727926781e+02
1.096927499999999966e+01,2.914635081226102216e+02
1.098149000000000086e+01,2.903045650083496980e+02
1.099370499999999851e+01,2.891504305945634314e+02
1.100591999999999970e+01,2.880010849289337216e+02
1.101813599999999838e+01,2.868564146340505658e+02
1.103035099999999957e+01,2.857165873265702203e+02
1.104256600000000077e+01,2.845814894040321974e+02
1.105478099999999841e+01,2.834511012432168968e+02
1.106699700000000064e+01,2.823253113367793503e+02
1.107921199999999828e+01,2.812042845366792676e+02
1.109142699999999948e+01,2.800879091142335824e+02
1.110364200000000068e+01,2.789761657698915087e+02
1.111585699999999832e+01,2.778690352841801428e+02
1.112807300000000055e+01,2.767664084440120860e+02
1.114028799999999819e+01,2.756684467095269611e+02
1.115250299999999939e+01,2.745750406508532251e+02
1.116471800000000059e+01,2.734861713655273547e+02
1.117693399999999926e+01,2.724017314418424007e+02
1.118914900000000046e+01,2.713218796767852155e+02
1.120136400000000165e+01,2.702465084454405542e+02
1.121357899999999930e+01,2.691755991571251911e+02
1.122579500000000152e+01,2.681090461717984113e+02
1.123800999999999917e+01,2.670470056672237433e+02
1.125022500000000036e+01,2.659893717936685107e+02
1.126244000000000156e+01,2.649361262670876727e+02
1.127465499999999921e+01,2.638872508793003817e+02
1.128687100000000143e+01,2.628426421638038732e+02
1.129908599999999907e+01,2.618024530850127007e+02
1.131130100000000027e+01,2.607665799710467809e+02
1.132351600000000147e+01,2.597350049140542865e+02
1.133573200000000014e+01,2.587076261541275812e+02
1.134794700000000134e+01,2.576845941326586740e+02
1.136016199999999898e+01,2.566658068877505912e+02
1.137237700000000018e+01,2.556512468069256272e+02
1.138459200000000138e+01,2.546408963507848568e+02
1.139680800000000005e+01,2.536346558531253947e+02
1.140902300000000125e+01,2.526326726600156860e+02
1.142123799999999889e+01,2.516348469074192451e+02
1.143345300000000009e+01,2.506411613452341669e+02
1.144566899999999876e+01,2.496515179511693248e+02
1.145788399999999996e+01,2.486660616409417344e+02
1.147009900000000115e+01,2.476846941976892822e+02
1.148231399999999880e+01,2.467073986558370109e+02
1.149453000000000102e+01,2.457340786098891385e+02
1.150674499999999867e+01,2.447648765852991914e+02
1.151895999999999987e+01,2.437996959852098655e+02
1.153117500000000106e+01,2.428385201238793627e+02
1.154338999999999871e+01,2.418813323847985544e+02
1.155560600000000093e+01,2.409280383460096857e+02
1.156782099999999858e+01,2.399787776005123874e+02
1.158003599999999977e+01,2.390334555389249829e+02
1.159225100000000097e+01,2.380920558188134919e+02
1.160446699999999964e+01,2.371544855756330321e+02
1.161668200000000084e+01,2.362208820999114778e+02
1.162889699999999849e+01,2.352911523427711700e+02
1.164111199999999968e+01,2.343652802313327470e+02
1.165332700000000088e+01,2.334432497594073652e+02
1.166554299999999955e+01,2.325249699731326416e+02
1.167775800000000075e+01,2.316105753382915395e+02
1.168997299999999839e+01,2.306999747204820039e+02
1.170218799999999959e+01,2.297931523775231710e+02
1.171440399999999826e+01,2.288900188557618662e+02
1.172661899999999946e+01,2.279907064030791162e+02
1.173883400000000066e+01,2.270951253882592198e+02
1.175104899999999830e+01,2.262032603287760537e+02
1.176326500000000053e+01,2.253150232464395231e+02
1.177548000000000172e+01,2.244305442078122894e+02
1.178769499999999937e+01,2.235497350600709581e+02
1.179991000000000057e+01,2.226725805760603976e+02
1.181212499999999821e+01,2.217990655918072775e+02
1.182434100000000043e+01,2.209291039392676623e+02
1.183655600000000163e+01,2.200628230088918542e+02
1.184877099999999928e+01,2.192001364615960313e+02
1.186098600000000047e+01,2.183410293835228231e+02
1.187320199999999915e+01,2.174854170279003256e+02
1.188541700000000034e+01,2.166334246839774380e+02
1.189763200000000154e+01,2.157849674367626847e+02
1.190984699999999918e+01,2.149400306183910061e+02
1.192206300000000141e+01,2.140985308799169502e+02
1.193427799999999905e+01,2.132605914440485151e+02
1.194649300000000025e+01,2.124261287963954032e+02
1.195870800000000145e+01,2.115951285110273261e+02
1.197092299999999909e+01,2.107675762218698310e+02
1.198313900000000132e+01,2.099433902948774460e+02
1.199535399999999896e+01,2.091226914174576734e+02
1.200756900000000016e+01,2.083053977935242642e+02
1.201978400000000136e+01,2.074914952939596731e+02
1.203200000000000003e+01,2.066809036312047851e+02
1.204421500000000123e+01,2.058737415020276273e+02
1.205642999999999887e+01,2.050699284595014547e+02
1.206864500000000007e+01,2.042694506075558252e+02
1.208086000000000126e+01,2.034722941077790495e+02
1.209307599999999994e+01,2.026783803245241984e+02
1.210529100000000113e+01,2.018878255123796635e+02
1.211750599999999878e+01,2.011005508796099264e+02
1.212972099999999998e+01,2.003165428160554598e+02
1.214193699999999865e+01,1.995357239830998992e+02
1.215415199999999984e+01,1.987582087178079746e+02
1.216636700000000104e+01,1.979839195280488298e+02
1.217858199999999869e+01,1.972128430281517524e+02
1.219079800000000091e+01,1.964449031551356768e+02
1.220301299999999856e+01,1.956802123601714527e+02
1.221522799999999975e+01,1.949186944292956127e+02
1.222744300000000095e+01,1.941603361976234225e+02
1.223965799999999859e+01,1.934051245548935754e+02
1.225187400000000082e+01,1.926529850031168110e+02
1.226408899999999846e+01,1.919040276797871911e+02
1.227630399999999966e+01,1.911581779390393763e+02
1.228851900000000086e+01,1.904154228868554526e+02
1.230073499999999953e+01,1.896756892540291517e+02
1.231295000000000073e+01,1.889390853614270327e+02
1.232516499999999837e+01,1.882055377944063537e+02
1.233737999999999957e+01,1.874750338716244471e+02
1.234959500000000077e+01,1.867475609643570635e+02
1.236181099999999944e+01,1.860230473109078559e+02
1.237402600000000064e+01,1.853015990034474783e+02
1.238624099999999828e+01,1.845831441378353190e+02
1.239845599999999948e+01,1.838676702936470519e+02
1.241067200000000170e+01,1.831551068928360735e+02
1.242288699999999935e+01,1.824455582776709832e+02
1.243510200000000054e+01,1.817389537300099960e+02
1.244731699999999819e+01,1.810352810342935470e+02
1.245953300000000041e+01,1.803344707766015347e+02
1.247174800000000161e+01,1.796366255781627785e+02
1.248396299999999925e+01,1.789416758872734761e+02
1.249617800000000045e+01,1.782496096898590281e+02
1.250839300000000165e+01,1.775604150216942116e+02
1.252060900000000032e+01,1.768740238970470386e+02
1.253282400000000152e+01,1.761905368257196187e+02
1.254503899999999916e+01,1.755098856870308737e+02
1.255725400000000036e+01,1.748320587140950693e+02
1.256946999999999903e+01,1.741569890425483891e+02
1.258168500000000023e+01,1.734847755243674783e+02
1.259390000000000143e+01,1.728153511624647649e+02
1.260611499999999907e+01,1.721487043840404851e+02
1.261833100000000130e+01,1.714847694276022878e+02
1.263054599999999894e+01,1.708236435146459939e+02
1.264276100000000014e+01,1.701652607531452190e+02
1.265497600000000133e+01,1.695096097611834693e+02
1.266719099999999898e+01,1.688566792040707298e+02
1.267940700000000120e+01,1.682064046733537737e+02
1.269162199999999885e+01,1.675588813902014351e+02
1.270383700000000005e+01,1.669140448183120498e+02
1.271605200000000124e+01,1.662718838099518734e+02
1.272826799999999992e+01,1.656323350190321833e+02
1.274048300000000111e+01,1.649954920961269806e+02
1.275269799999999876e+01,1.643612915694081096e+02
1.276491299999999995e+01,1.637297224750136309e+02
1.277712800000000115e+01,1.631007738945738765e+02
1.278934399999999982e+01,1.624743837853424395e+02
1.280155900000000102e+01,1.618506438710378461e+02
1.281377399999999867e+01,1.612294919857613138e+02
1.282598899999999986e+01,1.606109173912318795e+02
1.283820499999999853e+01,1.599948590680474751e+02
1.285041999999999973e+01,1.593814072270193378e+02
1.286263500000000093e+01,1.587705007276240110e+02
1.287484999999999857e+01,1.581621290086998783e+02
1.288706600000000080e+01,1.575562320573085060e+02
1.289928099999999844e+01,1.569528985963095806e+02
1.291149599999999964e+01,1.563520684936410134e+02
1.292371100000000084e+01,1.557537313623391810e+02
1.293592599999999848e+01,1.551578768585378327e+02
1.294814200000000071e+01,1.545644462040614826e+02
1.296035699999999835e+01,1.539735262963017703e+02
1.297257199999999955e+01,1.533850582404105012e+02
1.298478700000000075e+01,1.527990318631353546e+02
1.299700299999999942e+01,1.522153893557983793e+02
1.300921800000000061e+01,1.516342161824902064e+02
1.302143299999999826e+01,1.510554544197850362e+02
1.303364799999999946e+01,1.504790940622291089e+02
1.304586300000000065e+01,1.499051251458841421e+02
1.305807899999999933e+01,1.493334910514827243e+02
1.307029400000000052e+01,1.487642754846963271e+02
1.308250900000000172e+01,1.481974217138703409e+02
1.309472399999999936e+01,1.476329199394133695e+02
1.310694000000000159e+01,1.470707144759455218e+02
1.311915499999999923e+01,1.465108876484831057e+02
1.313137000000000043e+01,1.459533836611128379e+02
1.314358500000000163e+01,1.453981928758791753e+02
1.315580100000000030e+01,1.448452605258872552e+02
1.316801600000000150e+01,1.442946675782694683e+02
1.318023099999999914e+01,1.437463591574207555e+02
1.319244600000000034e+01,1.432003257843553001e+02
1.320466100000000154e+01,1.426565580194179006e+02
1.321687700000000021e+01,1.421150022225396583e+02
1.322909200000000141e+01,1.415757376949585478e+02
1.324130699999999905e+01,1.410387106901321488e+02
1.325352200000000025e+01,1.405039119241042442e+02
1.326573799999999892e+01,1.399712886415541675e+02
1.327795300000000012e+01,1.394409188357121536e+02
1.329016800000000131e+01,1.389127496465398792e+02
1.330238299999999896e+01,1.383867719432129491e+02
1.331459800000000016e+01,1.378629766327921402e+02
1.332681399999999883e+01,1.373413120453945169e+02
1.333902900000000002e+01,1.368218545695439161e+02
1.335124400000000122e+01,1.363045524327944520e+02
1.336345899999999887e+01,1.357893966921879212e+02
1.337567500000000109e+01,1.352763365300928911e+02
1.338788999999999874e+01,1.347654470750681810e+02
1.340010499999999993e+01,1.342566774086112673e+02
1.341232000000000113e+01,1.337500187352703449e+02
1.342453599999999980e+01,1.332454210756094710e+02
1.343675100000000100e+01,1.327429583190032076e+02
1.344896599999999864e+01,1.322425803868083563e+02
1.346118099999999984e+01,1.317442786286464411e+02
1.347339600000000104e+01,1.312480444300316833e+02
1.348561199999999971e+01,1.307538288398522468e+02
1.349782700000000091e+01,1.302617042272129027e+02
1.351004199999999855e+01,1.297716215438357494e+02
1.352225699999999975e+01,1.292835723173234044e+02
1.353447299999999842e+01,1.287975084039719889e+02
1.354668799999999962e+01,1.283135009792181620e+02
1.355890300000000082e+01,1.278315018037942536e+02
1.357111799999999846e+01,1.273515025450487173e+02
1.358333400000000069e+01,1.268734558533676307e+02
1.359554899999999833e+01,1.263974317302081829e+02
1.360776399999999953e+01,1.259233827319692693e+02
1.361997900000000072e+01,1.254513006634392553e+02
1.363219399999999837e+01,1.249811773634103957e+02
1.364441000000000059e+01,1.245129664564845200e+02
1.365662499999999824e+01,1.240467365038426522e+02
1.366883999999999943e+01,1.235824410380332239e+02
1.368105500000000063e+01,1.231200720324605840e+02
1.369327099999999930e+01,1.226595838766510269e+02
1.370548600000000050e+01,1.222010440009248669e+02
1.371770100000000170e+01,1.217444067042732740e+02
1.372991599999999934e+01,1.212896640924926430e+02
1.374213100000000054e+01,1.208368083041337684e+02
1.375434699999999921e+01,1.203857946671561479e+02
1.376656200000000041e+01,1.199366892245048746e+02
1.377877700000000161e+01,1.194894472154668676e+02
1.379099199999999925e+01,1.190440609082613719e+02
1.380320800000000148e+01,1.186004863676754155e+02
1.381542299999999912e+01,1.181587885473312554e+02
1.382763800000000032e+01,1.177189234248059790e+02
1.383985300000000151e+01,1.172808833958484911e+02
1.385206900000000019e+01,1.168446252499209237e+02
1.386428400000000138e+01,1.164102128692889409e+02
1.387649899999999903e+01,1.159776029576435690e+02
1.388871400000000023e+01,1.155467880361588726e+02
1.390092900000000142e+01,1.151177606570407619e+02
1.391314500000000010e+01,1.146904784988058736e+02
1.392536000000000129e+01,1.142650041293457406e+02
1.393757499999999894e+01,1.138412951431705267e+02
1.394979000000000013e+01,1.134193442153308240e+02
1.396200599999999881e+01,1.129991097224015419e+02
1.397422100000000000e+01,1.125806532002682587e+02
1.398643600000000120e+01,1.121639329428848271e+02
1.399865099999999885e+01,1.117489417461209911e+02
1.401086600000000004e+01,1.113356724357377487e+02
1.402308199999999871e+01,1.109240842447097180e+02
1.403529699999999991e+01,1.105142374428249923e+02
1.404751200000000111e+01,1.101060911821370496e+02
1.405972699999999875e+01,1.096996384067402488e+02
1.407194300000000098e+01,1.092948390220269346e+02
1.408415799999999862e+01,1.088917523036856636e+02
1.409637299999999982e+01,1.084903380775223241e+02
1.410858800000000102e+01,1.080905894040128601e+02
1.412080399999999969e+01,1.076924668498771496e+02
1.413301900000000089e+01,1.072960287131000143e+02
1.414523399999999853e+01,1.069012354821278308e+02
1.415744899999999973e+01,1.065080803318977303e+02
1.416966400000000093e+01,1.061165564656660081e+02
1.418187999999999960e+01,1.057266252614900850e+02
1.419409500000000079e+01,1.053383438178769325e+02
1.420630999999999844e+01,1.049516734362209291e+02
1.421852499999999964e+01,1.045666074318847620e+02
1.423074099999999831e+01,1.041831078199629985e+02
1.424295599999999951e+01,1.038012307571697619e+02
1.425517100000000070e+01,1.034209381832011161e+02
1.426738599999999835e+01,1.030422235236772224e+02
1.427960200000000057e+01,1.026650494202221466e+02
1.429181699999999822e+01,1.022894711032917598e+02
1.430403199999999941e+01,1.019154511403550600e+02
1.431624700000000061e+01,1.015429830654712617e+02
1.432846199999999826e+01,1.011720604395280816e+02
1.434067800000000048e+01,1.008026466727961434e+02
1.435289300000000168e+01,1.004347958593676253e+02
1.436510799999999932e+01,1.000684713368840448e+02
1.437732300000000052e+01,9.970366677244075504e+01
1.438953899999999919e+01,9.934034617982572968e+01
1.440175400000000039e+01,9.897856276089395067e+01
1.441396900000000159e+01,9.861828045800190523e+01
1.442618399999999923e+01,9.825949304270139351e+01
1.443839900000000043e+01,9.790219431238683967e+01
1.445061499999999910e+01,9.754634902126082352e+01
1.446283000000000030e+01,9.719200927655280964e+01
1.447504500000000149e+01,9.683913976250342159e+01
1.448725999999999914e+01,9.648773437881445147e+01
1.449947600000000136e+01,9.613775846103810352e+01
1.451169099999999901e+01,9.578926325693878141e+01
1.452390600000000020e+01,9.544221403326100983e+01
1.453612100000000140e+01,9.509660479032594083e+01
1.454833700000000007e+01,9.475240143544742466e+01
1.456055200000000127e+01,9.440965437109996117e+01
1.457276699999999892e+01,9.406832943692488413e+01
1.458498200000000011e+01,9.372842073220260772e+01
1.459719700000000131e+01,9.338992238069735663e+01
1.460941299999999998e+01,9.305280099117807424e+01
1.462162800000000118e+01,9.271710592909126092e+01
1.463384299999999882e+01,9.238280373692562364e+01
1.464605800000000002e+01,9.204988863536860322e+01
1.465827399999999869e+01,9.171832778395020114e+01
1.467048899999999989e+01,9.138816973387447717e+01
1.468270400000000109e+01,9.105938157948419587e+01
1.469491899999999873e+01,9.073195763679201775e+01
1.470713399999999993e+01,9.040589224539439783e+01
1.471934999999999860e+01,9.008115324051223638e+01
1.473156499999999980e+01,8.975778817441123181e+01
1.474378000000000100e+01,8.943576481846623949e+01
1.475599499999999864e+01,8.911507760563762304e+01
1.476821100000000087e+01,8.879569490167719437e+01
1.478042599999999851e+01,8.847766347451594982e+01
1.479264099999999971e+01,8.816095162711275179e+01
1.480485600000000090e+01,8.784555388425189904e+01
1.481707199999999958e+01,8.753143913346603711e+01
1.482928700000000077e+01,8.721865337128761553e+01
1.484150199999999842e+01,8.690716542349227325e+01
1.485371699999999962e+01,8.659696990517304016e+01
1.486593200000000081e+01,8.628806145376644565e+01
1.487814799999999948e+01,8.598040959694247931e+01
1.489036300000000068e+01,8.567405938485742922e+01
1.490257799999999833e+01,8.536898028469491351e+01
1.491479299999999952e+01,8.506516702234212346e+01
1.492700899999999820e+01,8.476258962808525155e+01
1.493922399999999939e+01,8.446129240901524327e+01
1.495143900000000059e+01,8.416124533592940793e+01
1.496365399999999823e+01,8.386244322170726662e+01
1.497587000000000046e+01,8.356485659096010465e+01
1.498808500000000166e+01,8.326852901997055767e+01
1.500029999999999930e+01,8.297343097484267105e+01
1.501251500000000050e+01,8.267955735401301354e+01
1.502473000000000170e+01,8.238690307708579041e+01
1.503694600000000037e+01,8.209543927512723371e+01
1.504916100000000156e+01,8.180520862783994573e+01
1.506137599999999921e+01,8.151618220898637901e+01
1.507359100000000041e+01,8.122835502196750213e+01
1.508580699999999908e+01,8.094169867401858198e+01
1.509802200000000028e+01,8.065625514087608394e+01
1.511023700000000147e+01,8.037199597341653146e+01
1.512245199999999912e+01,8.008891625745597764e+01
1.513466700000000031e+01,7.980701109920016734e+01
1.514688299999999899e+01,7.952625269006394149e+01
1.515909800000000018e+01,7.924668214213527051e+01
1.517131300000000138e+01,7.896827159162982923e+01
1.518352799999999903e+01,7.869101622547280783e+01
1.519574400000000125e+01,7.841488869375828585e+01
1.520795899999999889e+01,7.813992943046467587e+01
1.522017400000000009e+01,7.786611103139756551e+01
1.523238900000000129e+01,7.759342876286962110e+01
1.524460499999999996e+01,7.732185572608942437e+01
1.525682000000000116e+01,7.705143168810991483e+01
1.526903499999999880e+01,7.678212969674659405e+01
1.528125000000000000e+01,7.651394509639018793e+01
1.529346500000000120e+01,7.624687325074870614e+01
1.530568099999999987e+01,7.598088781447194151e+01
1.531789600000000107e+01,7.571602773640783823e+01
1.533011099999999871e+01,7.545226661891163644e+01
1.534232599999999991e+01,7.518959990216298195e+01
1.535454199999999858e+01,7.492800167535627054e+01
1.536675699999999978e+01,7.466751024491068733e+01
1.537897200000000097e+01,7.440809964858847536e+01
1.539118699999999862e+01,7.414976540178010112e+01
1.540340199999999982e+01,7.389250303848322687e+01
1.541561799999999849e+01,7.363628718100569870e+01
1.542783299999999969e+01,7.338115534761418246e+01
1.544004800000000088e+01,7.312708211024258276e+01
1.545226299999999853e+01,7.287406307655191995e+01
1.546447900000000075e+01,7.262207328743376422e+01
1.547669399999999840e+01,7.237114964232226555e+01
1.548890899999999959e+01,7.212126713256611765e+01
1.550112400000000079e+01,7.187242143827417351e+01
1.551333999999999946e+01,7.162458801201817948e+01
1.552555500000000066e+01,7.137780314460628972e+01
1.553776999999999830e+01,7.113204223988452668e+01
1.554998499999999950e+01,7.088730104921462782e+01
1.556220000000000070e+01,7.064357534158696694e+01
1.557441599999999937e+01,7.040084107463533769e+01
1.558663100000000057e+01,7.015913379248645754e+01
1.559884599999999821e+01,6.991842940505088677e+01
1.561106099999999941e+01,6.967872375110586347e+01
1.562327700000000164e+01,6.943999318484388539e+01
1.563549199999999928e+01,6.920227266412116762e+01
1.564770700000000048e+01,6.896553849619387222e+01
1.565992200000000167e+01,6.872978658847550548e+01
1.567213699999999932e+01,6.849501286536039402e+01
1.568435300000000154e+01,6.826119416755209102e+01
1.569656799999999919e+01,6.802836473365083236e+01
1.570878300000000038e+01,6.779650135838974734e+01
1.572099800000000158e+01,6.756560003338705656e+01
1.573321400000000025e+01,6.733563798133982914e+01
1.574542900000000145e+01,6.710664887611076779e+01
1.575764399999999910e+01,6.687860989518487997e+01
1.576985900000000029e+01,6.665151709629505206e+01
1.578207499999999897e+01,6.642534807783133033e+01
1.579429000000000016e+01,6.620013595823373009e+01
1.580650500000000136e+01,6.597585829142589375e+01
1.581871999999999900e+01,6.575251120016521611e+01
1.583093500000000020e+01,6.553009082329653268e+01
1.584315099999999887e+01,6.530857522012178151e+01
1.585536600000000007e+01,6.508799682767087802e+01
1.586758100000000127e+01,6.486833366169425119e+01
1.587979599999999891e+01,6.464958192472339249e+01
1.589201200000000114e+01,6.443172003795359615e+01
1.590422699999999878e+01,6.421477990339317898e+01
1.591644199999999998e+01,6.399873989940423513e+01
1.592865700000000118e+01,6.378359629115448826e+01
1.594087299999999985e+01,6.356932785576384504e+01
1.595308800000000105e+01,6.335596596904324684e+01
1.596530299999999869e+01,6.314348936598599948e+01
1.597751799999999989e+01,6.293189437336253889e+01
1.598973300000000108e+01,6.272117733318456345e+01
1.600194899999999976e+01,6.251131745923156302e+01
1.601416400000000095e+01,6.230234548175889131e+01
1.602637899999999860e+01,6.209424057328617153e+01
1.603859399999999980e+01,6.188699913616046899e+01
1.605080999999999847e+01,6.168060072701283758e+01
1.606302499999999966e+01,6.147507556922840166e+01
1.607524000000000086e+01,6.127040317885895604e+01
1.608745499999999851e+01,6.106658001759182497e+01
1.609966999999999970e+01,6.086360256179556671e+01
1.611188599999999838e+01,6.066145078872241925e+01
1.612410099999999957e+01,6.046015429991309986e+01
1.613631600000000077e+01,6.025969303287543255e+01
1.614853099999999841e+01,6.006006352209733734e+01
1.616074700000000064e+01,5.986124607508970286e+01
1.617296199999999828e+01,5.966326980514036649e+01
1.618517699999999948e+01,5.946611498067130697e+01
1.619739200000000068e+01,5.926977819333123421e+01
1.620960799999999935e+01,5.907424007544231870e+01
1.622182300000000055e+01,5.887952926009280930e+01
1.623403799999999819e+01,5.868562634116074150e+01
1.624625299999999939e+01,5.849252796651275332e+01
1.625846800000000059e+01,5.830023079792413654e+01
1.627068399999999926e+01,5.810871586620613272e+01
1.628289900000000046e+01,5.791801121532260765e+01
1.629511400000000165e+01,5.772809783843150910e+01
1.630732899999999930e+01,5.753897245236955627e+01
1.631954500000000152e+01,5.735061640082873424e+01
1.633175999999999917e+01,5.716305726521128605e+01
1.634397500000000036e+01,5.697627635217708075e+01
1.635619000000000156e+01,5.679027043271590713e+01
1.636840499999999921e+01,5.660503629121525648e+01
1.638062100000000143e+01,5.642055565521970806e+01
1.639283599999999907e+01,5.623685553864560660e+01
1.640505100000000027e+01,5.605391763276730899e+01
1.641726600000000147e+01,5.587173877501130903e+01
1.642948200000000014e+01,5.569030099431125791e+01
1.644169700000000134e+01,5.550963085901119598e+01
1.645391199999999898e+01,5.532971036237292140e+01
1.646612700000000018e+01,5.515053639398671947e+01
1.647834299999999885e+01,5.497209127920430660e+01
1.649055800000000005e+01,5.479440114814672569e+01
1.650277300000000125e+01,5.461744829108209842e+01
1.651498799999999889e+01,5.444122964890445360e+01
1.652720300000000009e+01,5.426574217520057886e+01
1.653941899999999876e+01,5.409096855897712430e+01
1.655163399999999996e+01,5.391693439272930277e+01
1.656384900000000115e+01,5.374362233110202425e+01
1.657606399999999880e+01,5.357102937793023756e+01
1.658828000000000102e+01,5.339913850775083404e+01
1.660049499999999867e+01,5.322797489093230894e+01
1.661270999999999987e+01,5.305752146821657078e+01
1.662492500000000106e+01,5.288777529285795964e+01
1.663714099999999974e+01,5.271871962021433689e+01
1.664935600000000093e+01,5.255037920548968344e+01
1.666157099999999858e+01,5.238273727080441233e+01
1.667378599999999977e+01,5.221579091801677208e+01
1.668600100000000097e+01,5.204953726101025069e+01
1.669821699999999964e+01,5.188395989966280553e+01
1.671043200000000084e+01,5.171908307984142539e+01
1.672264699999999849e+01,5.155489036887050958e+01
1.673486199999999968e+01,5.139137892823740827e+01
1.674707799999999835e+01,5.122853262832668975e+01
1.675929299999999955e+01,5.106637531508972927e+01
1.677150800000000075e+01,5.090489082689434497e+01
1.678372299999999839e+01,5.074407637204691923e+01
1.679593799999999959e+01,5.058392917043705950e+01
1.680815399999999826e+01,5.042443342431529629e+01
1.682036899999999946e+01,5.026561248900383561e+01
1.683258400000000066e+01,5.010745053539521621e+01
1.684479899999999830e+01,4.994994482923475942e+01
1.685701500000000053e+01,4.979307983334355470e+01
1.686923000000000172e+01,4.963687851781731553e+01
1.688144499999999937e+01,4.948132531463654971e+01
1.689366000000000057e+01,4.932641753464576340e+01
1.690587599999999924e+01,4.917213989693906484e+01
1.691809100000000043e+01,4.901851499273940505e+01
1.693030600000000163e+01,4.886552751080878920e+01
1.694252099999999928e+01,4.871317480634728980e+01
1.695473600000000047e+01,4.856145424552862977e+01
1.696695199999999915e+01,4.841035086185074476e+01
1.697916700000000034e+01,4.825988678172338808e+01
1.699138200000000154e+01,4.811004700893644781e+01
1.700359699999999918e+01,4.796082895310663474e+01
1.701581300000000141e+01,4.781221789459176819e+01
1.702802799999999905e+01,4.766423559484493211e+01
1.704024300000000025e+01,4.751686730500600930e+01
1.705245800000000145e+01,4.737011047741784608e+01
1.706467299999999909e+01,4.722396257499411831e+01
1.707688900000000132e+01,4.707840918094851190e+01
1.708910399999999896e+01,4.693347160899337212e+01
1.710131900000000016e+01,4.678913541372560303e+01
1.711353400000000136e+01,4.664539809990593255e+01
1.712575000000000003e+01,4.650224548854120599e+01
1.713796500000000123e+01,4.635969854179149507e+01
1.715017999999999887e+01,4.621774305251887682e+01
1.716239500000000007e+01,4.607637656664088865e+01
1.717461099999999874e+01,4.593558513903506224e+01
1.718682599999999994e+01,4.579538938610814114e+01
1.719904100000000113e+01,4.565577533505699392e+01
1.721125599999999878e+01,4.551674057227742765e+01
1.722347099999999998e+01,4.537828269417959604e+01
1.723568699999999865e+01,4.524038804256115753e+01
1.724790199999999984e+01,4.510307680964740484e+01
1.726011700000000104e+01,4.496633531012489016e+01
1.727233199999999869e+01,4.483016118004918127e+01
1.728454800000000091e+01,4.469454098649851659e+01
1.729676299999999856e+01,4.455949458864427726e+01
1.730897799999999975e+01,4.442500852690086788e+01
1.732119300000000095e+01,4.429108047631506651e+01
1.733340799999999859e+01,4.415770812158046965e+01
1.734562400000000082e+01,4.402487830615696396e+01
1.735783899999999846e+01,4.389261048061455028e+01
1.737005399999999966e+01,4.376089146229786309e+01
1.738226900000000086e+01,4.362971897408949218e+01
1.739448499999999953e+01,4.349908007645574060e+01
1.740670000000000073e+01,4.336899389914534453e+01
1.741891499999999837e+01,4.323944747694012136e+01
1.743112999999999957e+01,4.311043857028172965e+01
1.744334599999999824e+01,4.298195445306332374e+01
1.745556099999999944e+01,4.285401393950437665e+01
1.746777600000000064e+01,4.272660427823711871e+01
1.747999099999999828e+01,4.259972326664302500e+01
1.749220599999999948e+01,4.247336871124253577e+01
1.750442200000000170e+01,4.234752814776773278e+01
1.751663699999999935e+01,4.222222000333664482e+01
1.752885200000000054e+01,4.209743178894009219e+01
1.754106699999999819e+01,4.197316134727835646e+01
1.755328300000000041e+01,4.184939641967117296e+01
1.756549800000000161e+01,4.172615512929652226e+01
1.757771299999999925e+01,4.160342519314120580e+01
1.758992800000000045e+01,4.148120448948817796e+01
1.760214399999999912e+01,4.135948096185416745e+01
1.761435900000000032e+01,4.123827243449015612e+01
1.762657400000000152e+01,4.111756682698116094e+01
1.763878899999999916e+01,4.099736205260617794e+01
1.765100400000000036e+01,4.087765603330235820e+01
1.766321999999999903e+01,4.075843696064793420e+01
1.767543500000000023e+01,4.063972229216088294e+01
1.768765000000000143e+01,4.052150019598010999e+01
1.769986499999999907e+01,4.040376862831877247e+01
1.771208100000000130e+01,4.028651597552506303e+01
1.772429599999999894e+01,4.016975940716984894e+01
1.773651100000000014e+01,4.005348728654861645e+01
1.774872600000000133e+01,3.993769760358517118e+01
1.776094099999999898e+01,3.982238835654347753e+01
1.777315700000000120e+01,3.970754817072198506e+01
1.778537199999999885e+01,3.959319386242856353e+01
1.779758700000000005e+01,3.947931403438327891e+01
1.780980200000000124e+01,3.936590671786714069e+01
1.782201799999999992e+01,3.925296072579490669e+01
1.783423300000000111e+01,3.914049259710331796e+01
1.784644799999999876e+01,3.902849112250121522e+01
1.785866299999999995e+01,3.891695436574186573e+01
1.787087899999999863e+01,3.880587132426186514e+01
1.788309399999999982e+01,3.869525826420178305e+01
1.789530900000000102e+01,3.858510416115849040e+01
1.790752399999999867e+01,3.847540711082207565e+01
1.791973899999999986e+01,3.836616521678405434e+01
1.793195499999999853e+01,3.825736770285806898e+01
1.794416999999999973e+01,3.814903050050981648e+01
1.795638500000000093e+01,3.804114281216260451e+01
1.796859999999999857e+01,3.793370277268762436e+01
1.798081600000000080e+01,3.782669978364278052e+01
1.799303099999999844e+01,3.772014951371745184e+01
1.800524599999999964e+01,3.761404134343201378e+01
1.801746100000000084e+01,3.750837343842142246e+01
1.802967599999999848e+01,3.740314397193179730e+01
1.804189200000000071e+01,3.729834256358341094e+01
1.805410699999999835e+01,3.719398455968320860e+01
1.806632199999999955e+01,3.709005955924678943e+01
1.807853700000000075e+01,3.698656576565103649e+01
1.809075299999999942e+01,3.688349296973207458e+01
1.810296800000000061e+01,3.678085626467214553e+01
1.811518299999999826e+01,3.667864542104249637e+01
1.812739799999999946e+01,3.657685867185384865e+01
1.813961400000000168e+01,3.647548597633392831e+01
1.815182899999999933e+01,3.637454217871558626e+01
1.816404400000000052e+01,3.627401721829589576e+01
1.817625900000000172e+01,3.617390935723069134e+01
1.818847399999999936e+01,3.607421686488637391e+01
1.820069000000000159e+01,3.597492990707898741e+01
1.821290499999999923e+01,3.587606302262211244e+01
1.822512000000000043e+01,3.577760635781125131e+01
1.823733500000000163e+01,3.567955821055825538e+01
1.824955100000000030e+01,3.558190890888594282e+01
1.826176600000000150e+01,3.548467275180208702e+01
1.827398099999999914e+01,3.538784004813102513e+01
1.828619600000000034e+01,3.529140912385900464e+01
1.829841199999999901e+01,3.519537046654018297e+01
1.831062700000000021e+01,3.509973813933198983e+01
1.832284200000000141e+01,3.500450261090669812e+01
1.833505699999999905e+01,3.490966223486208975e+01
1.834727200000000025e+01,3.481521537162718261e+01
1.835948799999999892e+01,3.472115270447419277e+01
1.837170300000000012e+01,3.462748800721183784e+01
1.838391800000000131e+01,3.453421194461894572e+01
1.839613299999999896e+01,3.444132290416794007e+01
1.840834900000000118e+01,3.434881172280260131e+01
1.842056399999999883e+01,3.425669194714425458e+01
1.843277900000000002e+01,3.416495439594832106e+01
1.844499400000000122e+01,3.407359748328459403e+01
1.845720899999999887e+01,3.398261962980317463e+01
1.846942500000000109e+01,3.389201186097723451e+01
1.848163999999999874e+01,3.380178744470708097e+01
1.849385499999999993e+01,3.371193738865176215e+01
1.850607000000000113e+01,3.362246013951148882e+01
1.851828599999999980e+01,3.353334687078686471e+01
1.853050100000000100e+01,3.344461063153509173e+01
1.854271599999999864e+01,3.335624257773652346e+01
1.855493099999999984e+01,3.326824118171166589e+01
1.856714699999999851e+01,3.318059776254699500e+01
1.857936199999999971e+01,3.309332515406626385e+01
1.859157700000000091e+01,3.300641465812462627e+01
1.860379199999999855e+01,3.291986477224045871e+01
1.861600699999999975e+01,3.283367400016619087e+01
1.862822299999999842e+01,3.274783383959763228e+01
1.864043799999999962e+01,3.266235686030329788e+01
1.865265300000000082e+01,3.257723454310220745e+01
1.866486799999999846e+01,3.249246541642621366e+01
1.867708400000000069e+01,3.240804111820945366e+01
1.868929899999999833e+01,3.232397401089268385e+01
1.870151399999999953e+01,3.224025571581162097e+01
1.871372900000000072e+01,3.215688478567047071e+01
1.872594399999999837e+01,3.207385977917851250e+01
1.873816000000000059e+01,3.199117250631894649e+01
1.875037499999999824e+01,3.190883507517596485e+01
1.876258999999999943e+01,3.182683927947586966e+01
1.877480500000000063e+01,3.174518370170087422e+01
1.878702099999999930e+01,3.166386028692177490e+01
1.879923600000000050e+01,3.158288094350986341e+01
1.881145100000000170e+01,3.150223760054718269e+01
1.882366599999999934e+01,3.142192886389673134e+01
1.883588200000000157e+01,3.134194681148863282e+01
1.884809699999999921e+01,3.126230315527553216e+01
1.886031200000000041e+01,3.118298995746253155e+01
1.887252700000000161e+01,3.110400584690773940e+01
1.888474199999999925e+01,3.102534945815845902e+01
1.889695800000000148e+01,3.094701303214095134e+01
1.890917299999999912e+01,3.086900803983508723e+01
1.892138800000000032e+01,3.079132670676566619e+01
1.893360300000000151e+01,3.071396769000195803e+01
1.894581900000000019e+01,3.063692335844984171e+01
1.895803400000000138e+01,3.056020499388473866e+01
1.897024899999999903e+01,3.048380495006508539e+01
1.898246400000000023e+01,3.040772190621064652e+01
1.899467900000000142e+01,3.033195454702141092e+01
1.900689500000000010e+01,3.025649539841259639e+01
1.901911000000000129e+01,3.018135551003771866e+01
1.903132499999999894e+01,3.010652739297622560e+01
1.904354000000000013e+01,3.003200975362284453e+01
1.905575599999999881e+01,2.995779524117160975e+01
1.906797100000000000e+01,2.988389472302120708e+01
1.908018600000000120e+01,2.981030083377454787e+01
1.909240099999999885e+01,2.973701230116340355e+01
1.910461700000000107e+01,2.966402189562719371e+01
1.911683199999999871e+01,2.959134030531591719e+01
1.912904699999999991e+01,2.951896028631858115e+01
1.914126200000000111e+01,2.944688058735192016e+01
1.915347699999999875e+01,2.937509996232456899e+01
1.916569300000000098e+01,2.930361133042374178e+01
1.917790799999999862e+01,2.923242515989134915e+01
1.919012299999999982e+01,2.916153435585946596e+01
1.920233800000000102e+01,2.909093769278991459e+01
1.921455399999999969e+01,2.902062820666218101e+01
1.922676900000000089e+01,2.895061619305305101e+01
1.923898399999999853e+01,2.888089467411869293e+01
1.925119899999999973e+01,2.881146244453510974e+01
1.926341499999999840e+01,2.874231265514751499e+01
1.927562999999999960e+01,2.867345543171573752e+01
1.928784500000000079e+01,2.860488391148962961e+01
1.930005999999999844e+01,2.853659690902610890e+01
1.931227499999999964e+01,2.846859324380066170e+01
1.932449099999999831e+01,2.840086620757948310e+01
1.933670599999999951e+01,2.833342571778545249e+01
1.934892100000000070e+01,2.826626505286912305e+01
1.936113599999999835e+01,2.819938305177785054e+01
1.937335200000000057e+01,2.813277311692450411e+01
1.938556699999999822e+01,2.806644500215234928e+01
1.939778199999999941e+01,2.800039209677829888e+01
1.940999700000000061e+01,2.793461325890027425e+01
1.942221199999999826e+01,2.786910735135421291e+01
1.943442800000000048e+01,2.780386791229798860e+01
1.944664300000000168e+01,2.773890449489005761e+01
1.945885799999999932e+01,2.767421062446182134e+01
1.947107300000000052e+01,2.760978518260571946e+01
1.948328899999999919e+01,2.754562181406247490e+01
1.949550400000000039e+01,2.748172991441900592e+01
1.950771900000000159e+01,2.741810311580105619e+01
1.951993399999999923e+01,2.735474031824831087e+01
1.953215000000000146e+01,2.729163527132612899e+01
1.954436499999999910e+01,2.722879721564912003e+01
1.955658000000000030e+01,2.716621988837573909e+01
1.956879500000000149e+01,2.710390220768865177e+01
1.958100999999999914e+01,2.704184309625917138e+01
1.959322600000000136e+01,2.698003643225501236e+01
1.960544099999999901e+01,2.691849126616563126e+01
1.961765600000000020e+01,2.685720146400711883e+01
1.962987100000000140e+01,2.679616596622047098e+01
1.964208700000000007e+01,2.673537875194796953e+01
1.965430200000000127e+01,2.667484872239871052e+01
1.966651699999999892e+01,2.661456984476381749e+01
1.967873200000000011e+01,2.655454107696075994e+01
1.969094700000000131e+01,2.649476138123090152e+01
1.970316299999999998e+01,2.643522486059536192e+01
1.971537800000000118e+01,2.637594023312132663e+01
1.972759299999999882e+01,2.631690159012462615e+01
1.973980800000000002e+01,2.625810791096356667e+01
1.975202399999999869e+01,2.619955339592504373e+01
1.976423899999999989e+01,2.614124661927895943e+01
1.977645400000000109e+01,2.608318176979999237e+01
1.978866899999999873e+01,2.602535784368108196e+01
1.980088500000000096e+01,2.596776913687060073e+01
1.981309999999999860e+01,2.591042408221296256e+01
1.982531499999999980e+01,2.585331696433419069e+01
1.983753000000000100e+01,2.579644679598419899e+01
1.984974499999999864e+01,2.573981259400919797e+01
1.986196100000000087e+01,2.568340877171810632e+01
1.987417599999999851e+01,2.562724358845002826e+01
1.988639099999999971e+01,2.557131144642450238e+01
1.989860600000000090e+01,2.551561137870403684e+01
1.991082199999999958e+01,2.546013789074542899e+01
1.992303700000000077e+01,2.540489910565679210e+01
1.993525199999999842e+01,2.534988951798842294e+01
1.994746699999999962e+01,2.529510817675167544e+01
1.995968299999999829e+01,2.524054967803126459e+01
1.997189799999999948e+01,2.518622201095138280e+01
1.998411300000000068e+01,2.513211976087013966e+01
1.999632799999999833e+01,2.507824199248469910e+01
2.000854299999999952e+01,2.502458777437291815e+01
2.002075899999999820e+01,2.497115181380478788e+01
2.003297399999999939e+01,2.491794193552869530e+01
2.004518900000000059e+01,2.486495283630872422e+01
2.005740399999999823e+01,2.481218360008583801e+01
2.006962000000000046e+01,2.475962902142916633e+01
2.008183500000000166e+01,2.470729679602438722e+01
2.009404999999999930e+01,2.465518170810808130e+01
2.010626500000000050e+01,2.460328285673078241e+01
2.011848000000000170e+01,2.455159934468131411e+01
2.013069600000000037e+01,2.450012607363029815e+01
2.014291100000000156e+01,2.444887058092506749e+01
2.015512599999999921e+01,2.439782775811626436e+01
2.016734100000000041e+01,2.434699672279139548e+01
2.017955699999999908e+01,2.429637246071386514e+01
2.019177200000000028e+01,2.424596238490865829e+01
2.020398700000000147e+01,2.419576147118608134e+01
2.021620199999999912e+01,2.414576885168833797e+01
2.022841800000000134e+01,2.409597959488442598e+01
2.024063299999999899e+01,2.404640099152772592e+01
2.025284800000000018e+01,2.399702810029830147e+01
2.026506300000000138e+01,2.394786006765299646e+01
2.027727799999999903e+01,2.389889604359014896e+01
2.028949400000000125e+01,2.385013119804473547e+01
2.030170899999999889e+01,2.380157267176328162e+01
2.031392400000000009e+01,2.375321562509324025e+01
2.032613900000000129e+01,2.370505922205305893e+01
2.033835499999999996e+01,2.365709871224566285e+01
2.035057000000000116e+01,2.360934111863682006e+01
2.036278499999999880e+01,2.356178168140010953e+01
2.037500000000000000e+01,2.351441957834273921e+01
2.038721500000000120e+01,2.346725399068342455e+01
2.039943099999999987e+01,2.342028026576424793e+01
2.041164600000000107e+01,2.337350528205384848e+01
2.042386099999999871e+01,2.332692437765897608e+01
2.043607599999999991e+01,2.328053674730339750e+01
2.044829199999999858e+01,2.323433781507099383e+01
2.046050699999999978e+01,2.318833434597571141e+01
2.047272200000000097e+01,2.314252175501838948e+01
2.048493699999999862e+01,2.309689925020519752e+01
2.049715300000000084e+01,2.305146233109588039e+01
2.050936799999999849e+01,2.300621765112117600e+01
2.052158299999999969e+01,2.296116070090760530e+01
2.053379800000000088e+01,2.291629070152465175e+01
2.054601299999999853e+01,2.287160687727372732e+01
2.055822900000000075e+01,2.282710482031088617e+01
2.057044399999999840e+01,2.278279104717288561e+01
2.058265899999999959e+01,2.273866114126636617e+01
2.059487400000000079e+01,2.269471433968726615e+01
2.060708999999999946e+01,2.265094630729540270e+01
2.061930500000000066e+01,2.260736345314261797e+01
2.063151999999999830e+01,2.256396143348364092e+01
2.064373499999999950e+01,2.252073949799783392e+01
2.065595100000000173e+01,2.247769338304958353e+01
2.066816599999999937e+01,2.243482939197874515e+01
2.068038100000000057e+01,2.239214325268650541e+01
2.069259599999999821e+01,2.234963422722817583e+01
2.070481099999999941e+01,2.230730158072091029e+01
2.071702700000000164e+01,2.226514113725318467e+01
2.072924199999999928e+01,2.222315907047396877e+01
2.074145700000000048e+01,2.218135119618264994e+01
2.075367200000000167e+01,2.213971679161769401e+01
2.076588800000000035e+01,2.209825174974578488e+01
2.077810300000000154e+01,2.205696214238660957e+01
2.079031799999999919e+01,2.201584385435454294e+01
2.080253300000000038e+01,2.197489617480938762e+01
2.081474800000000158e+01,2.193411839586038070e+01
2.082696400000000025e+01,2.189350649497618662e+01
2.083917900000000145e+01,2.185306641904915637e+01
2.085139399999999910e+01,2.181279413756336538e+01
2.086360900000000029e+01,2.177268895430411177e+01
2.087582499999999897e+01,2.173274691308836992e+01
2.088804000000000016e+01,2.169297386271944106e+01
2.090025500000000136e+01,2.165336583916140256e+01
2.091246999999999900e+01,2.161392215768307778e+01
2.092468600000000123e+01,2.157463892735535893e+01
2.093690099999999887e+01,2.153552190051042103e+01
2.094911600000000007e+01,2.149656717849580545e+01
2.096133100000000127e+01,2.145777408787439455e+01
2.097354599999999891e+01,2.141914195800332266e+01
2.098576200000000114e+01,2.138066697800913118e+01
2.099797699999999878e+01,2.134235478187007828e+01
2.101019199999999998e+01,2.130420155114826386e+01
2.102240700000000118e+01,2.126620662626250535e+01
2.103462299999999985e+01,2.122836625919659781e+01
2.104683800000000105e+01,2.119068599100093309e+01
2.105905299999999869e+01,2.115316206621964312e+01
2.107126799999999989e+01,2.111579383615075045e+01
2.108348300000000108e+01,2.107858065478392007e+01
2.109569899999999976e+01,2.104151885121818566e+01
2.110791400000000095e+01,2.100461385249711554e+01
2.112012899999999860e+01,2.096786198043314187e+01
2.113234399999999980e+01,2.093126259967131375e+01
2.114455999999999847e+01,2.089481209985910937e+01
2.115677499999999966e+01,2.085851581852554659e+01
2.116899000000000086e+01,2.082237013815167970e+01
2.118120499999999851e+01,2.078637443386224604e+01
2.119342100000000073e+01,2.075052515485446847e+01
2.120563599999999838e+01,2.071482755061927605e+01
2.121785099999999957e+01,2.067927806330568075e+01
2.123006600000000077e+01,2.064387607834520111e+01
2.124228099999999841e+01,2.060862098371934792e+01
2.125449700000000064e+01,2.057350930168293246e+01
2.126671199999999828e+01,2.053854617371887059e+01
2.127892699999999948e+01,2.050372811517878446e+01
2.129114200000000068e+01,2.046905452413889392e+01
2.130335799999999935e+01,2.043452198021658006e+01
2.131557300000000055e+01,2.040013554009021846e+01
2.132778799999999819e+01,2.036589177658785133e+01
2.134000299999999939e+01,2.033179009771392387e+01
2.135221800000000059e+01,2.029782991392921332e+01
2.136443399999999926e+01,2.026400787522528191e+01
2.137664900000000046e+01,2.023032893423962264e+01
2.138886400000000165e+01,2.019678973431415159e+01
2.140107899999999930e+01,2.016338969563361161e+01
2.141329500000000152e+01,2.013012552344513395e+01
2.142550999999999917e+01,2.009700208869661253e+01
2.143772500000000036e+01,2.006401609009521181e+01
2.144994000000000156e+01,2.003116695738926367e+01
2.146215600000000023e+01,1.999845145017013692e+01
2.147437100000000143e+01,1.996587435904344687e+01
2.148658599999999907e+01,1.993343243716847724e+01
2.149880100000000027e+01,1.990112512369935516e+01
2.151101600000000147e+01,1.986895186011730985e+01
2.152323200000000014e+01,1.983690947268494398e+01
2.153544700000000134e+01,1.980500265344141297e+01
2.154766199999999898e+01,1.977322822234958011e+01
2.155987700000000018e+01,1.974158563010295708e+01
2.157209299999999885e+01,1.971007175531232747e+01
2.158430800000000005e+01,1.967869121262553023e+01
2.159652300000000125e+01,1.964744087445752285e+01
2.160873799999999889e+01,1.961632020056216774e+01
2.162095400000000112e+01,1.958532612103497073e+01
2.163316899999999876e+01,1.955446317440900472e+01
2.164538399999999996e+01,1.952372828468612198e+01
2.165759900000000115e+01,1.949312092053110845e+01
2.166981399999999880e+01,1.946264055281336880e+01
2.168203000000000102e+01,1.943228417479153336e+01
2.169424499999999867e+01,1.940205623161859094e+01
2.170645999999999987e+01,1.937195371058489712e+01
2.171867500000000106e+01,1.934197609128743167e+01
2.173089099999999974e+01,1.931212041657852652e+01
2.174310600000000093e+01,1.928239105829205968e+01
2.175532099999999858e+01,1.925278505341053759e+01
2.176753599999999977e+01,1.922330189011454848e+01
2.177975100000000097e+01,1.919394105870833300e+01
2.179196699999999964e+01,1.916469966288739357e+01
2.180418200000000084e+01,1.913558198453534231e+01
2.181639699999999849e+01,1.910658512159862710e+01
2.182861199999999968e+01,1.907770857278848098e+01
2.184082799999999835e+01,1.904894948957254286e+01
2.185304299999999955e+01,1.902031208320832434e+01
2.186525800000000075e+01,1.899179349950921392e+01
2.187747299999999839e+01,1.896339324545482441e+01
2.188968900000000062e+01,1.893510851949694285e+01
2.190190399999999826e+01,1.890694346343190091e+01
2.191411899999999946e+01,1.887889527015051883e+01
2.192633400000000066e+01,1.885096345476435786e+01
2.193854899999999830e+01,1.882314753439689170e+01
2.195076500000000053e+01,1.879544476514161744e+01
2.196298000000000172e+01,1.876785920357761839e+01
2.197519499999999937e+01,1.874038810035185776e+01
2.198741000000000057e+01,1.871303098055242842e+01
2.199962599999999924e+01,1.868578514553133374e+01
2.201184100000000043e+01,1.865865458495770568e+01
2.202405600000000163e+01,1.863163659482682988e+01
2.203627099999999928e+01,1.860473070806008877e+01
2.204848600000000047e+01,1.857793645951686301e+01
2.206070199999999915e+01,1.855125120607368672e+01
2.207291700000000034e+01,1.852467885531248015e+01
2.208513200000000154e+01,1.849821675886326844e+01
2.209734699999999918e+01,1.847186445925755294e+01
2.210956300000000141e+01,1.844561935696797050e+01
2.212177799999999905e+01,1.841948529512414723e+01
2.213399300000000025e+01,1.839345966903874441e+01
2.214620800000000145e+01,1.836754202878884357e+01
2.215842400000000012e+01,1.834172981772413991e+01
2.217063900000000132e+01,1.831602681558500478e+01
2.218285399999999896e+01,1.829043046064627731e+01
2.219506900000000016e+01,1.826494031040612143e+01
2.220728400000000136e+01,1.823955592419876126e+01
2.221950000000000003e+01,1.821427479797682736e+01
2.223171500000000123e+01,1.818910063371274433e+01
2.224392999999999887e+01,1.816403092238870443e+01
2.225614500000000007e+01,1.813906523060732212e+01
2.226836099999999874e+01,1.811420109562344294e+01
2.228057599999999994e+01,1.808944215834849700e+01
2.229279100000000113e+01,1.806478595114886332e+01
2.230500599999999878e+01,1.804023204777569944e+01
2.231722200000000100e+01,1.801577802610475842e+01
2.232943699999999865e+01,1.799142746699369155e+01
2.234165199999999984e+01,1.796717794351041420e+01
2.235386700000000104e+01,1.794302903643672309e+01
2.236608199999999869e+01,1.791898032829382004e+01
2.237829800000000091e+01,1.789502944679253460e+01
2.239051299999999856e+01,1.787117989911456206e+01
2.240272799999999975e+01,1.784742930826181961e+01
2.241494300000000095e+01,1.782377726364148884e+01
2.242715899999999962e+01,1.780022143209335894e+01
2.243937400000000082e+01,1.777676526295104864e+01
2.245158899999999846e+01,1.775340641842310774e+01
2.246380399999999966e+01,1.773014449468908182e+01
2.247601900000000086e+01,1.770697908960408640e+01
2.248823499999999953e+01,1.768390791801254380e+01
2.250045000000000073e+01,1.766093435827822589e+01
2.251266499999999837e+01,1.763805612070962070e+01
2.252487999999999957e+01,1.761527280979484900e+01
2.253709599999999824e+01,1.759258217807011704e+01
2.254931099999999944e+01,1.756998754817586317e+01
2.256152600000000064e+01,1.754748666818714398e+01
2.257374099999999828e+01,1.752507914911574360e+01
2.258595700000000051e+01,1.750276278056788826e+01
2.259817200000000170e+01,1.748054083037983375e+01
2.261038699999999935e+01,1.745841108377027950e+01
2.262260200000000054e+01,1.743637315816702937e+01
2.263481699999999819e+01,1.741442667258528587e+01
2.264703300000000041e+01,1.739256946211000709e+01
2.265924800000000161e+01,1.737080472734190195e+01
2.267146299999999925e+01,1.734913029906866555e+01
2.268367800000000045e+01,1.732754580258950838e+01
2.269589399999999912e+01,1.730604910869788426e+01
2.270810900000000032e+01,1.728464336520323741e+01
2.272032400000000152e+01,1.726332643867260686e+01
2.273253899999999916e+01,1.724209796058561395e+01
2.274475400000000036e+01,1.722095756395091826e+01
2.275696999999999903e+01,1.719990316337027281e+01
2.276918500000000023e+01,1.717893784188711948e+01
2.278140000000000143e+01,1.715805950996377049e+01
2.279361499999999907e+01,1.713726780666212335e+01
2.280583100000000130e+01,1.711656068098083949e+01
2.281804599999999894e+01,1.709594116511112105e+01
2.283026100000000014e+01,1.707540720398046119e+01
2.284247600000000133e+01,1.705495844260412852e+01
2.285469200000000001e+01,1.703459286381038140e+01
2.286690700000000120e+01,1.701431344977689974e+01
2.287912199999999885e+01,1.699411817932793056e+01
2.289133700000000005e+01,1.697400670333390948e+01
2.290355200000000124e+01,1.695397867411389115e+01
2.291576799999999992e+01,1.693403211599932590e+01
2.292798300000000111e+01,1.691416994980976085e+01
2.294019799999999876e+01,1.689439019595502245e+01
2.295241299999999995e+01,1.687469251248886337e+01
2.296462899999999863e+01,1.685507495632974795e+01
2.297684399999999982e+01,1.683554040012073116e+01
2.298905900000000102e+01,1.681608689692332348e+01
2.300127399999999867e+01,1.679671411043142371e+01
2.301348899999999986e+01,1.677742170573430514e+01
2.302570499999999853e+01,1.675820777972923636e+01
2.303791999999999973e+01,1.673907514595479284e+01
2.305013500000000093e+01,1.672002189753064272e+01
2.306234999999999857e+01,1.670104770507015957e+01
2.307456600000000080e+01,1.668215069686068830e+01
2.308678099999999844e+01,1.666333364003384077e+01
2.309899599999999964e+01,1.664459465916167957e+01
2.311121100000000084e+01,1.662593343029053372e+01
2.312342699999999951e+01,1.660734811258011945e+01
2.313564200000000071e+01,1.658884142752047808e+01
2.314785699999999835e+01,1.657041153061732786e+01
2.316007199999999955e+01,1.655205810326033244e+01
2.317228700000000075e+01,1.653378082816114869e+01
2.318450299999999942e+01,1.651557790235468204e+01
2.319671800000000061e+01,1.649745199133646167e+01
2.320893299999999826e+01,1.647940128856257758e+01
2.322114799999999946e+01,1.646142548197808253e+01
2.323336400000000168e+01,1.644352279835629105e+01
2.324557899999999933e+01,1.642569585922761632e+01
2.325779400000000052e+01,1.640794288784556443e+01
2.327000900000000172e+01,1.639026357730229932e+01
2.328222500000000039e+01,1.637265618361903563e+01
2.329444000000000159e+01,1.635512328508620072e+01
2.330665499999999923e+01,1.633766313426328054e+01
2.331887000000000043e+01,1.632027542930461195e+01
2.333108500000000163e+01,1.630295986961696286e+01
2.334330100000000030e+01,1.628571474710382461e+01
2.335551600000000150e+01,1.626854258700743117e+01
2.336773099999999914e+01,1.625144167784076643e+01
2.337994600000000034e+01,1.623441172396863053e+01
2.339216199999999901e+01,1.621745104546815242e+01
2.340437700000000021e+01,1.620056212592977829e+01
2.341659200000000141e+01,1.618374328209606716e+01
2.342880699999999905e+01,1.616699422320806434e+01
2.344102200000000025e+01,1.615031465971325275e+01
2.345323799999999892e+01,1.613370294625308077e+01
2.346545300000000012e+01,1.611716151531827279e+01
2.347766800000000131e+01,1.610068871828429593e+01
2.348988299999999896e+01,1.608428427037455322e+01
2.350209900000000118e+01,1.606794655336932820e+01
2.351431399999999883e+01,1.605167795963741995e+01
2.352652900000000002e+01,1.603547686774699699e+01
2.353874400000000122e+01,1.601934299761861524e+01
2.355095999999999989e+01,1.600327475772374441e+01
2.356317500000000109e+01,1.598727450097105418e+01
2.357538999999999874e+01,1.597134063267288440e+01
2.358760499999999993e+01,1.595547287736945741e+01
2.359982000000000113e+01,1.593967096074397283e+01
2.361203599999999980e+01,1.592393332401351103e+01
2.362425100000000100e+01,1.590826227167575624e+01
2.363646599999999864e+01,1.589265624185366654e+01
2.364868099999999984e+01,1.587711496475505157e+01
2.366089699999999851e+01,1.586163690730782960e+01
2.367311199999999971e+01,1.584622433599889924e+01
2.368532700000000091e+01,1.583087571471310007e+01
2.369754199999999855e+01,1.581559077810823766e+01
2.370975699999999975e+01,1.580036926194306446e+01
2.372197299999999842e+01,1.578520966468838971e+01
2.373418799999999962e+01,1.577011420619827042e+01
2.374640300000000082e+01,1.575508138196301822e+01
2.375861799999999846e+01,1.574011093209984047e+01
2.377083400000000069e+01,1.572520137984600552e+01
2.378304899999999833e+01,1.571035490844094085e+01
2.379526399999999953e+01,1.569557003819057073e+01
2.380747900000000072e+01,1.568084651349867542e+01
2.381969499999999940e+01,1.566618288196050379e+01
2.383191000000000059e+01,1.565158129080473337e+01
2.384412499999999824e+01,1.563704028474364449e+01
2.385633999999999943e+01,1.562255961239684865e+01
2.386855500000000063e+01,1.560813902342698256e+01
2.388077099999999930e+01,1.559377709531244349e+01
2.389298600000000050e+01,1.557947593110280948e+01
2.390520100000000170e+01,1.556523410545281827e+01
2.391741599999999934e+01,1.555105137215421962e+01
2.392963200000000157e+01,1.553692633214872743e+01
2.394184699999999921e+01,1.552286105379785752e+01
2.395406200000000041e+01,1.550885413526623502e+01
2.396627700000000161e+01,1.549490533440660656e+01
2.397849300000000028e+01,1.548101327523700377e+01
2.399070800000000148e+01,1.546717999200302351e+01
2.400292299999999912e+01,1.545340410599141023e+01
2.401513800000000032e+01,1.543968537904893346e+01
2.402735300000000151e+01,1.542602357401050384e+01
2.403956900000000019e+01,1.541241734320490409e+01
2.405178400000000138e+01,1.539886867902322898e+01
2.406399899999999903e+01,1.538537623111919750e+01
2.407621400000000023e+01,1.537193976623954761e+01
2.408842999999999890e+01,1.535855795894177867e+01
2.410064500000000010e+01,1.534523276875416542e+01
2.411286000000000129e+01,1.533196286760324334e+01
2.412507499999999894e+01,1.531874802608309061e+01
2.413729000000000013e+01,1.530558801573963379e+01
2.414950599999999881e+01,1.529248153840127955e+01
2.416172100000000000e+01,1.527943051327910595e+01
2.417393600000000120e+01,1.526643363962468669e+01
2.418615099999999885e+01,1.525349069275213054e+01
2.419836700000000107e+01,1.524060039590208504e+01
2.421058199999999871e+01,1.522776463662984625e+01
2.422279699999999991e+01,1.521498213564175828e+01
2.423501200000000111e+01,1.520225267195792007e+01
2.424722799999999978e+01,1.518957498987808918e+01
2.425944300000000098e+01,1.517695094582387938e+01
2.427165799999999862e+01,1.516437928160254600e+01
2.428387299999999982e+01,1.515185977987904842e+01
2.429608800000000102e+01,1.513939222422013664e+01
2.430830399999999969e+01,1.512697538476154691e+01
2.432051900000000089e+01,1.511461107972911044e+01
2.433273399999999853e+01,1.510229807681731984e+01
2.434494899999999973e+01,1.509003616316280905e+01
2.435716499999999840e+01,1.507782412918689374e+01
2.436937999999999960e+01,1.506566376312528810e+01
2.438159500000000079e+01,1.505355385299833237e+01
2.439381000000000199e+01,1.504149418945367600e+01
2.440602499999999964e+01,1.502948456400760513e+01
2.441824100000000186e+01,1.501752379196843989e+01
2.443045599999999951e+01,1.500561362477905192e+01
2.444267099999999715e+01,1.499375287539620594e+01
2.445488600000000190e+01,1.498194133877493961e+01
2.446710199999999702e+01,1.497017784976410759e+01
2.447931700000000177e+01,1.495846413091796023e+01
2.449153199999999941e+01,1.494679901477256934e+01
2.450374699999999706e+01,1.493518229966502275e+01
2.451596299999999928e+01,1.492361283966236130e+01
2.452817799999999693e+01,1.491209232890675374e+01
2.454039300000000168e+01,1.490061961919059108e+01
2.455260799999999932e+01,1.488919451217724799e+01
2.456482299999999697e+01,1.487781681035302839e+01
2.457703899999999919e+01,1.486648539136247038e+01
2.458925399999999684e+01,1.485520191449085914e+01
2.460146900000000159e+01,1.484396525515490239e+01
2.461368399999999923e+01,1.483277521909874075e+01
2.462590000000000146e+01,1.482163070247923287e+01
2.463811499999999910e+01,1.481053333721312981e+01
2.465032999999999674e+01,1.479948201726621448e+01
2.466254500000000149e+01,1.478847655158669028e+01
2.467476099999999661e+01,1.477751585453843042e+01
2.468697600000000136e+01,1.476660153112104013e+01
2.469919099999999901e+01,1.475573249354344263e+01
2.471140599999999665e+01,1.474490855390508059e+01
2.472362100000000140e+01,1.473412952508504858e+01
2.473583699999999652e+01,1.472339434378412548e+01
2.474805200000000127e+01,1.471270458197912667e+01
2.476026699999999892e+01,1.470205917426021713e+01
2.477248199999999656e+01,1.469145793659289545e+01
2.478469799999999879e+01,1.468089982321615850e+01
2.479691299999999643e+01,1.467038638017838892e+01
2.480912800000000118e+01,1.465991655964278806e+01
2.482134299999999882e+01,1.464949018061036234e+01
2.483355799999999647e+01,1.463910706283310326e+01
2.484577399999999869e+01,1.462876618206648516e+01
2.485798900000000344e+01,1.461846905254903461e+01
2.487020400000000109e+01,1.460821464800314651e+01
2.488241899999999873e+01,1.459800279115385102e+01
2.489463500000000096e+01,1.458783247465068911e+01
2.490684999999999860e+01,1.457770518775608437e+01
2.491906500000000335e+01,1.456761992112000748e+01
2.493128000000000100e+01,1.455757650039151585e+01
2.494349600000000322e+01,1.454757393483555283e+01
2.495571100000000087e+01,1.453761368915039398e+01
2.496792599999999851e+01,1.452769477063440462e+01
2.498014100000000326e+01,1.451781700781240403e+01
2.499235600000000090e+01,1.450798022992071701e+01
2.500457200000000313e+01,1.449818346660859447e+01
2.501678700000000077e+01,1.448842815243822457e+01
2.502900199999999842e+01,1.447871331513276516e+01
2.504121700000000317e+01,1.446903878674512889e+01
2.505343299999999829e+01,1.445940361292971765e+01
2.506564800000000304e+01,1.444980920458678852e+01
2.507786300000000068e+01,1.444025460547641515e+01
2.509007799999999833e+01,1.443073965042164630e+01
2.510229300000000308e+01,1.442126417493089718e+01
2.511450899999999820e+01,1.441182724429418904e+01
2.512672400000000295e+01,1.440243024038258213e+01
2.513893900000000059e+01,1.439307222663072139e+01
2.515115399999999823e+01,1.438375304126017618e+01
2.516337000000000046e+01,1.437447176497822454e+01
2.517558499999999810e+01,1.436522975686311199e+01
2.518780000000000285e+01,1.435602609579735045e+01
2.520001500000000050e+01,1.434686062267092055e+01
2.521223100000000272e+01,1.433773243335405922e+01
2.522444600000000037e+01,1.432864286450815428e+01
2.523666099999999801e+01,1.431959101020878222e+01
2.524887600000000276e+01,1.431057671397030795e+01
2.526109100000000041e+01,1.430159981995637608e+01
2.527330700000000263e+01,1.429265944263965693e+01
2.528552200000000028e+01,1.428375689117979874e+01
2.529773699999999792e+01,1.427489127829172588e+01
2.530995200000000267e+01,1.426606245070947665e+01
2.532216799999999779e+01,1.425726953751177106e+01
2.533438300000000254e+01,1.424851382626474106e+01
2.534659800000000018e+01,1.423979444431835262e+01
2.535881299999999783e+01,1.423111124093463786e+01
2.537102800000000258e+01,1.422246406600108060e+01
2.538324399999999770e+01,1.421385206651554789e+01
2.539545900000000245e+01,1.420527650355256988e+01
2.540767400000000009e+01,1.419673652241684536e+01
2.541988899999999774e+01,1.418823197547183490e+01
2.543210499999999996e+01,1.417976202378496176e+01
2.544431999999999761e+01,1.417132790763038841e+01
2.545653500000000236e+01,1.416292878641029596e+01
2.546875000000000000e+01,1.415456451492328682e+01
2.548096600000000223e+01,1.414623426807428785e+01
2.549318099999999987e+01,1.413793926568016524e+01
2.550539599999999751e+01,1.412967868100806612e+01
2.551761100000000226e+01,1.412145237125155894e+01
2.552982599999999991e+01,1.411326019419677102e+01
2.554204200000000213e+01,1.410510134172491803e+01
2.555425699999999978e+01,1.409697700855518754e+01
2.556647199999999742e+01,1.408888638496471302e+01
2.557868700000000217e+01,1.408082933108530455e+01
2.559090299999999729e+01,1.407280505212744259e+01
2.560311800000000204e+01,1.406481472310440139e+01
2.561533299999999969e+01,1.405685754764902740e+01
2.562754799999999733e+01,1.404893338820014925e+01
2.563976399999999956e+01,1.404104146307761525e+01
2.565197899999999720e+01,1.403318292791385780e+01
2.566419400000000195e+01,1.402535699947712189e+01
2.567640899999999959e+01,1.401756354247520164e+01
2.568862399999999724e+01,1.400980242217722527e+01
2.570083999999999946e+01,1.400207287298608172e+01
2.571305499999999711e+01,1.399437602675712533e+01
2.572527000000000186e+01,1.398671111637354869e+01
2.573748499999999950e+01,1.397907800932677347e+01
2.574970100000000173e+01,1.397147595264757314e+01
2.576191599999999937e+01,1.396390605952228370e+01
2.577413099999999702e+01,1.395636757548705909e+01
2.578634600000000177e+01,1.394886037021892911e+01
2.579856099999999941e+01,1.394138431393567501e+01
2.581077700000000164e+01,1.393393866916036394e+01
2.582299199999999928e+01,1.392652452617558367e+01
2.583520699999999692e+01,1.391914114604054831e+01
2.584742200000000167e+01,1.391178840111366810e+01
2.585963799999999679e+01,1.390446556608210571e+01
2.587185300000000154e+01,1.389717371324512563e+01
2.588406799999999919e+01,1.388991211585016572e+01
2.589628299999999683e+01,1.388268064836097970e+01
2.590849899999999906e+01,1.387547859742815426e+01
2.592071399999999670e+01,1.386830701766427865e+01
2.593292900000000145e+01,1.386116519430395577e+01
2.594514399999999910e+01,1.385405300388157279e+01
2.595735899999999674e+01,1.384697032344379330e+01
2.596957499999999897e+01,1.383991645431831863e+01
2.598178999999999661e+01,1.383289242941914310e+01
2.599400500000000136e+01,1.382589754868713428e+01
2.600621999999999900e+01,1.381893169119697617e+01
2.601843600000000123e+01,1.381199416980038919e+01
2.603065099999999887e+01,1.380508600037430789e+01
2.604286599999999652e+01,1.379820649440650016e+01
2.605508100000000127e+01,1.379135553296619499e+01
2.606729599999999891e+01,1.378453299761611106e+01
2.607951200000000114e+01,1.377773821534601417e+01
2.609172699999999878e+01,1.377097218113122423e+01
2.610394199999999643e+01,1.376423422062560142e+01
2.611615700000000118e+01,1.375752421734537911e+01
2.612837300000000340e+01,1.375084150938107896e+01
2.614058800000000105e+01,1.374418707529672368e+01
2.615280299999999869e+01,1.373756025186895435e+01
2.616501800000000344e+01,1.373096092453530837e+01
2.617723399999999856e+01,1.372438844230396171e+01
2.618944900000000331e+01,1.371784376759831581e+01
2.620166400000000095e+01,1.371132624813435008e+01
2.621387899999999860e+01,1.370483577123921393e+01
2.622609400000000335e+01,1.369837222470755478e+01
2.623830999999999847e+01,1.369193497094166645e+01
2.625052500000000322e+01,1.368552495256314927e+01
2.626274000000000086e+01,1.367914153070868899e+01
2.627495499999999851e+01,1.367278459502366772e+01
2.628717100000000073e+01,1.366645351842701750e+01
2.629938599999999838e+01,1.366014922799259068e+01
2.631160100000000313e+01,1.365387109539457278e+01
2.632381600000000077e+01,1.364761901209857164e+01
2.633603200000000299e+01,1.364139236136669808e+01
2.634824700000000064e+01,1.363519205498148423e+01
2.636046199999999828e+01,1.362901747498083793e+01
2.637267700000000303e+01,1.362286851462054216e+01
2.638489200000000068e+01,1.361674506759928605e+01
2.639710800000000290e+01,1.361064652986852686e+01
2.640932300000000055e+01,1.360457379445092307e+01
2.642153799999999819e+01,1.359852625609892485e+01
2.643375300000000294e+01,1.359250381026456189e+01
2.644596899999999806e+01,1.358650586286258743e+01
2.645818400000000281e+01,1.358053329218597760e+01
2.647039900000000046e+01,1.357458550297024757e+01
2.648261399999999810e+01,1.356866239239186100e+01
2.649482900000000285e+01,1.356276385805392160e+01
2.650704499999999797e+01,1.355688931809445563e+01
2.651926000000000272e+01,1.355103963273560552e+01
2.653147500000000036e+01,1.354521421896041744e+01
2.654368999999999801e+01,1.353941297606095162e+01
2.655590600000000023e+01,1.353363533177255107e+01
2.656812099999999788e+01,1.352788213212872037e+01
2.658033600000000263e+01,1.352215280372887918e+01
2.659255100000000027e+01,1.351644724752618565e+01
2.660476700000000250e+01,1.351076490069501368e+01
2.661698200000000014e+01,1.350510659531424551e+01
2.662919699999999779e+01,1.349947176744107225e+01
2.664141200000000254e+01,1.349386031966233546e+01
2.665362700000000018e+01,1.348827215496907961e+01
2.666584300000000241e+01,1.348270672211578614e+01
2.667805800000000005e+01,1.347716483606135895e+01
2.669027299999999769e+01,1.347164594446607921e+01
2.670248800000000244e+01,1.346614995192106257e+01
2.671470399999999756e+01,1.346067631627314221e+01
2.672691900000000231e+01,1.345522583903913727e+01
2.673913399999999996e+01,1.344979797698972313e+01
2.675134899999999760e+01,1.344439263628970949e+01
2.676356400000000235e+01,1.343900972349323908e+01
2.677577999999999747e+01,1.343364870760191820e+01
2.678799500000000222e+01,1.342831037364140556e+01
2.680020999999999987e+01,1.342299418955928836e+01
2.681242499999999751e+01,1.341770006345102573e+01
2.682464099999999974e+01,1.341242747307659045e+01
2.683685599999999738e+01,1.340717719051330903e+01
2.684907100000000213e+01,1.340194869248451504e+01
2.686128599999999977e+01,1.339674188860157145e+01
2.687350200000000200e+01,1.339155626523836418e+01
2.688571699999999964e+01,1.338639258173743940e+01
2.689793199999999729e+01,1.338125032345315191e+01
2.691014700000000204e+01,1.337612940148774321e+01
2.692236199999999968e+01,1.337102972731230999e+01
2.693457800000000191e+01,1.336595079786856566e+01
2.694679299999999955e+01,1.336089335687562674e+01
2.695900799999999720e+01,1.335585690027665962e+01
2.697122300000000195e+01,1.335084134100296183e+01
2.698343899999999707e+01,1.334584618429379432e+01
2.699565400000000182e+01,1.334087216160122757e+01
2.700786899999999946e+01,1.333591877718243701e+01
2.702008399999999710e+01,1.333098594540484783e+01
2.703229900000000185e+01,1.332607358099119566e+01
2.704451499999999697e+01,1.332118119936041722e+01
2.705673000000000172e+01,1.331630951691499121e+01
2.706894499999999937e+01,1.331145804811197664e+01
2.708115999999999701e+01,1.330662670908068712e+01
2.709337599999999924e+01,1.330181502323281073e+01
2.710559099999999688e+01,1.329702369515437432e+01
2.711780600000000163e+01,1.329225224731105470e+01
2.713002099999999928e+01,1.328750059721555310e+01
2.714223700000000150e+01,1.328276827614047839e+01
2.715445199999999915e+01,1.327805597705030038e+01
2.716666699999999679e+01,1.327336323028722909e+01
2.717888200000000154e+01,1.326868995472451473e+01
2.719109699999999918e+01,1.326403606957202719e+01
2.720331300000000141e+01,1.325940111574642088e+01
2.721552799999999905e+01,1.325478577195446128e+01
2.722774299999999670e+01,1.325018957820153531e+01
2.723995800000000145e+01,1.324561245503007534e+01
2.725217399999999657e+01,1.324105395092894710e+01
2.726438900000000132e+01,1.323651473341019269e+01
2.727660399999999896e+01,1.323199435006644542e+01
2.728881899999999661e+01,1.322749272275071952e+01
2.730103499999999883e+01,1.322300940739917507e+01
2.731324999999999648e+01,1.321854506051380795e+01
2.732546500000000123e+01,1.321409923714932511e+01
2.733767999999999887e+01,1.320967186044771857e+01
2.734989499999999651e+01,1.320526285386987553e+01
2.736211099999999874e+01,1.320087178248854265e+01
2.737432600000000349e+01,1.319649928929822380e+01
2.738654100000000113e+01,1.319214493850835623e+01
2.739875599999999878e+01,1.318780865484227149e+01
2.741097200000000100e+01,1.318349001054648895e+01
2.742318699999999865e+01,1.317918963800984855e+01
2.743540200000000340e+01,1.317490710862978531e+01
2.744761700000000104e+01,1.317064234837126513e+01
2.745983199999999869e+01,1.316639528350644284e+01
2.747204800000000091e+01,1.316216549508282974e+01
2.748426299999999856e+01,1.315795360247790668e+01
2.749647800000000331e+01,1.315375918590757998e+01
2.750869300000000095e+01,1.314958217286008946e+01
2.752090900000000318e+01,1.314542215129322145e+01
2.753312400000000082e+01,1.314127973036833197e+01
2.754533899999999846e+01,1.313715449722533180e+01
2.755755400000000321e+01,1.313304638054846230e+01
2.756976999999999833e+01,1.312895497509182086e+01
2.758198500000000308e+01,1.312488087996914565e+01
2.759420000000000073e+01,1.312082368913013042e+01
2.760641499999999837e+01,1.311678333243531824e+01
2.761863000000000312e+01,1.311275974003627987e+01
2.763084599999999824e+01,1.310875251502502081e+01
2.764306100000000299e+01,1.310476224418854052e+01
2.765527600000000064e+01,1.310078852983100184e+01
2.766749099999999828e+01,1.309683130325606548e+01
2.767970700000000051e+01,1.309289017410239708e+01
2.769192199999999815e+01,1.308896571947844301e+01
2.770413700000000290e+01,1.308505754824801848e+01
2.771635200000000054e+01,1.308116559284787961e+01
2.772856699999999819e+01,1.307728978599510583e+01
2.774078300000000041e+01,1.307342974536003410e+01
2.775299799999999806e+01,1.306958603617713166e+01
2.776521300000000281e+01,1.306575827535782075e+01
2.777742800000000045e+01,1.306194639672896329e+01
2.778964400000000268e+01,1.305815002426710514e+01
2.780185900000000032e+01,1.305436971388363965e+01
2.781407399999999797e+01,1.305060508880871772e+01
2.782628900000000272e+01,1.304685608396067131e+01
2.783850499999999784e+01,1.304312232951824413e+01
2.785072000000000259e+01,1.303940437222352600e+01
2.786293500000000023e+01,1.303570184152118117e+01
2.787514999999999787e+01,1.303201467340300823e+01
2.788736500000000262e+01,1.302834280412638890e+01
2.789958099999999774e+01,1.302468587147911983e+01
2.791179600000000249e+01,1.302104441095410259e+01
2.792401100000000014e+01,1.301741805962015874e+01
2.793622599999999778e+01,1.301380675478604942e+01
2.794844200000000001e+01,1.301021014021395494e+01
2.796065699999999765e+01,1.300662874256427770e+01
2.797287200000000240e+01,1.300306220489207476e+01
2.798508700000000005e+01,1.299951046554015655e+01
2.799730300000000227e+01,1.299597317414654896e+01
2.800951799999999992e+01,1.299245084868482714e+01
2.802173299999999756e+01,1.298894313809755907e+01
2.803394800000000231e+01,1.298544998174453546e+01
2.804616299999999995e+01,1.298197131923716086e+01
2.805837900000000218e+01,1.297850680742213747e+01
2.807059399999999982e+01,1.297505695361576095e+01
2.808280899999999747e+01,1.297162141398359303e+01
2.809502400000000222e+01,1.296820012913308773e+01
2.810723999999999734e+01,1.296479276157098859e+01
2.811945500000000209e+01,1.296139981024581900e+01
2.813166999999999973e+01,1.295802093699441215e+01
2.814388499999999738e+01,1.295465608340385266e+01
2.815610000000000213e+01,1.295130519130359836e+01
2.816831599999999725e+01,1.294796793014429781e+01
2.818053100000000200e+01,1.294464478860863288e+01
2.819274599999999964e+01,1.294133543549112453e+01
2.820496099999999728e+01,1.293803981358070487e+01
2.821717699999999951e+01,1.293475759778015188e+01
2.822939199999999715e+01,1.293148926871174353e+01
2.824160700000000190e+01,1.292823450063294999e+01
2.825382199999999955e+01,1.292499323727635741e+01
2.826603800000000177e+01,1.292176515890695399e+01
2.827825299999999942e+01,1.291855073821954747e+01
2.829046799999999706e+01,1.291534965484446928e+01
2.830268300000000181e+01,1.291216185344237921e+01
2.831489799999999946e+01,1.290898727890356312e+01
2.832711400000000168e+01,1.290582561807154072e+01
2.833932899999999933e+01,1.290267733391545057e+01
2.835154399999999697e+01,1.289954211265720652e+01
2.836375900000000172e+01,1.289641990009607930e+01
2.837597499999999684e+01,1.289331038824085240e+01
2.838819000000000159e+01,1.289021403242436214e+01
2.840040499999999923e+01,1.288713052404403925e+01
2.841261999999999688e+01,1.288405980979315046e+01
2.842483500000000163e+01,1.288100183658614206e+01
2.843705099999999675e+01,1.287795630276869474e+01
2.844926600000000150e+01,1.287492365430520280e+01
2.846148099999999914e+01,1.287190358894257791e+01
2.847369599999999679e+01,1.286889605447086460e+01
2.848591199999999901e+01,1.286590075421128532e+01
2.849812699999999666e+01,1.286291812677242064e+01
2.851034200000000141e+01,1.285994787488659519e+01
2.852255699999999905e+01,1.285698994720501709e+01
2.853477300000000128e+01,1.285404405194237398e+01
2.854698799999999892e+01,1.285111062047276853e+01
2.855920299999999656e+01,1.284818936043170190e+01
2.857141800000000131e+01,1.284528022131733849e+01
2.858363299999999896e+01,1.284238315283739063e+01
2.859584900000000118e+01,1.283949786921001213e+01
2.860806399999999883e+01,1.283662479293380088e+01
2.862027899999999647e+01,1.283376363765964889e+01
2.863249400000000122e+01,1.283091435392479340e+01
2.864471000000000345e+01,1.282807666066112340e+01
2.865692500000000109e+01,1.282525097339847520e+01
2.866913999999999874e+01,1.282243701051083207e+01
2.868135500000000349e+01,1.281963472335127463e+01
2.869357099999999861e+01,1.281684383548768480e+01
2.870578600000000336e+01,1.281406475559606939e+01
2.871800100000000100e+01,1.281129720669560612e+01
2.873021599999999864e+01,1.280854114094176310e+01
2.874243100000000339e+01,1.280579651068853586e+01
2.875464699999999851e+01,1.280306304519137939e+01
2.876686200000000326e+01,1.280034114471781770e+01
2.877907700000000091e+01,1.279763053798588501e+01
2.879129199999999855e+01,1.279493117813545844e+01
2.880350800000000078e+01,1.279224279888769544e+01
2.881572299999999842e+01,1.278956579390804293e+01
2.882793800000000317e+01,1.278689989638910518e+01
2.884015300000000082e+01,1.278424506024367879e+01
2.885236799999999846e+01,1.278160123957577810e+01
2.886458400000000069e+01,1.277896817358523762e+01
2.887679899999999833e+01,1.277634624783785711e+01
2.888901400000000308e+01,1.277373520101579274e+01
2.890122900000000072e+01,1.277113498798007640e+01
2.891344500000000295e+01,1.276854535223222342e+01
2.892566000000000059e+01,1.276596667297845045e+01
2.893787499999999824e+01,1.276339869321112630e+01
2.895009000000000299e+01,1.276084136853581796e+01
2.896230599999999811e+01,1.275829444668477386e+01
2.897452100000000286e+01,1.275575830060950899e+01
2.898673600000000050e+01,1.275323267754152923e+01
2.899895099999999815e+01,1.275071753381864781e+01
2.901116600000000290e+01,1.274821282595984329e+01
2.902338199999999802e+01,1.274571830688775620e+01
2.903559700000000277e+01,1.274323434188044502e+01
2.904781200000000041e+01,1.274076068337011591e+01
2.906002699999999805e+01,1.273829728859293020e+01
2.907224300000000028e+01,1.273584391454686049e+01
2.908445799999999792e+01,1.273340092048501404e+01
2.909667300000000267e+01,1.273096806292301508e+01
2.910888800000000032e+01,1.272854529980238070e+01
2.912110299999999796e+01,1.272613258923913548e+01
2.913331900000000019e+01,1.272372969323100911e+01
2.914553399999999783e+01,1.272133696363949440e+01
2.915774900000000258e+01,1.271895416198989182e+01
2.916996400000000023e+01,1.271658124708906890e+01
2.918218000000000245e+01,1.271421798486040977e+01
2.919439500000000010e+01,1.271186472136173862e+01
2.920660999999999774e+01,1.270952122205180146e+01
2.921882500000000249e+01,1.270718744641691167e+01
2.923104099999999761e+01,1.270486316424135254e+01
2.924325600000000236e+01,1.270254871587501100e+01
2.925547100000000000e+01,1.270024387064519722e+01
2.926768599999999765e+01,1.269794858870646692e+01
2.927990100000000240e+01,1.269566283037869603e+01
2.929211699999999752e+01,1.269338637018284643e+01
2.930433200000000227e+01,1.269111954146612042e+01
2.931654699999999991e+01,1.268886211830191257e+01
2.932876199999999756e+01,1.268661406166459038e+01
2.934097799999999978e+01,1.268437514979419944e+01
2.935319299999999743e+01,1.268214571053966822e+01
2.936540800000000218e+01,1.267992552170085041e+01
2.937762299999999982e+01,1.267771454489581728e+01
2.938983799999999746e+01,1.267551274190188870e+01
2.940205399999999969e+01,1.267331989552180893e+01
2.941426899999999733e+01,1.267113632685902758e+01
2.942648400000000208e+01,1.266896181828516177e+01
2.943869899999999973e+01,1.266679633220798351e+01
2.945091500000000195e+01,1.266463965501272781e+01
2.946312999999999960e+01,1.266249210250650670e+01
2.947534499999999724e+01,1.266035346065054057e+01
2.948756000000000199e+01,1.265822369247265122e+01
2.949977599999999711e+01,1.265610258788147213e+01
2.951199100000000186e+01,1.265399045747514073e+01
2.952420599999999951e+01,1.265188709074526763e+01
2.953642099999999715e+01,1.264979245132950147e+01
2.954863600000000190e+01,1.264770650301636579e+01
2.956085199999999702e+01,1.264562904003711807e+01
2.957306700000000177e+01,1.264356036659934901e+01
2.958528199999999941e+01,1.264150027652586950e+01
2.959749699999999706e+01,1.263944873420248349e+01
2.960971299999999928e+01,1.263740553725442517e+01
2.962192799999999693e+01,1.263537098487164378e+01
2.963414300000000168e+01,1.263334487427766462e+01
2.964635799999999932e+01,1.263132717044572217e+01
2.965857400000000155e+01,1.262931767433905428e+01
2.967078899999999919e+01,1.262731668021271680e+01
2.968300399999999684e+01,1.262532398863486982e+01
2.969521900000000159e+01,1.262333956515647948e+01
2.970743399999999923e+01,1.262136337547145182e+01
2.971965000000000146e+01,1.261939522463819685e+01
2.973186499999999910e+01,1.261743540085748805e+01
2.974407999999999674e+01,1.261548370880078451e+01
2.975629500000000149e+01,1.261354011472784009e+01
2.976851099999999661e+01,1.261160442691246786e+01
2.978072600000000136e+01,1.260967692880180557e+01
2.979294099999999901e+01,1.260775742828909607e+01
2.980515599999999665e+01,1.260584589219061336e+01
2.981737100000000140e+01,1.260394228746031153e+01
2.982958699999999652e+01,1.260204642631676286e+01
2.984180200000000127e+01,1.260015858637519237e+01
2.985401699999999892e+01,1.259827857948143226e+01
2.986623199999999656e+01,1.259640637313450462e+01
2.987844799999999879e+01,1.259454178265027835e+01
2.989066299999999643e+01,1.259268508106494977e+01
2.990287800000000118e+01,1.259083608332779392e+01
2.991509299999999882e+01,1.258899475747391250e+01
2.992730900000000105e+01,1.258716092186538482e+01
2.993952399999999869e+01,1.258533484503490207e+01
2.995173900000000344e+01,1.258351634498399463e+01
2.996395400000000109e+01,1.258170539027500467e+01
2.997616899999999873e+01,1.257990194960070518e+01
2.998838500000000096e+01,1.257810584506036733e+01
3.000059999999999860e+01,1.257631733966163701e+01
3.001281500000000335e+01,1.257453625515065454e+01
3.002503000000000100e+01,1.257276256073658693e+01
3.003724600000000322e+01,1.257099608145302660e+01
3.004946100000000087e+01,1.256923707596952688e+01
3.006167599999999851e+01,1.256748536897237756e+01
3.007389100000000326e+01,1.256574093017861493e+01
3.008610600000000090e+01,1.256400372943092236e+01
3.009832200000000313e+01,1.256227359536281796e+01
3.011053700000000077e+01,1.256055078132174430e+01
3.012275199999999842e+01,1.255883511560106136e+01
3.013496700000000317e+01,1.255712656854087328e+01
3.014718299999999829e+01,1.255542497160124782e+01
3.015939800000000304e+01,1.255373057395086711e+01
3.017161300000000068e+01,1.255204320671525409e+01
3.018382799999999833e+01,1.255036284072372688e+01
3.019604400000000055e+01,1.254868931021628065e+01
3.020825899999999820e+01,1.254702286025176505e+01
3.022047400000000295e+01,1.254536332474114957e+01
3.023268900000000059e+01,1.254371067499489634e+01
3.024490399999999823e+01,1.254206488244251361e+01
3.025712000000000046e+01,1.254042578473449687e+01
3.026933499999999810e+01,1.253879362188762414e+01
3.028155000000000285e+01,1.253716823123013668e+01
3.029376500000000050e+01,1.253554958466278357e+01
3.030598100000000272e+01,1.253393752251388449e+01
3.031819600000000037e+01,1.253233228084133977e+01
3.033041099999999801e+01,1.253073369965652617e+01
3.034262600000000276e+01,1.252914175132366381e+01
3.035484199999999788e+01,1.252755627880472922e+01
3.036705700000000263e+01,1.252597751426403683e+01
3.037927200000000028e+01,1.252440530035184807e+01
3.039148699999999792e+01,1.252283960988821399e+01
3.040370200000000267e+01,1.252128041580596474e+01
3.041591799999999779e+01,1.251972756429812073e+01
3.042813300000000254e+01,1.251818128275223252e+01
3.044034800000000018e+01,1.251664141705601985e+01
3.045256299999999783e+01,1.251510794058876108e+01
3.046477900000000005e+01,1.251358070208039663e+01
3.047699399999999770e+01,1.251205992516790744e+01
3.048920900000000245e+01,1.251054545828096565e+01
3.050142400000000009e+01,1.250903727523794018e+01
3.051363899999999774e+01,1.250753534996583127e+01
3.052585499999999996e+01,1.250603953430694837e+01
3.053806999999999761e+01,1.250455004729695574e+01
3.055028500000000236e+01,1.250306674048407807e+01
3.056250000000000000e+01,1.250158958822536981e+01
3.057471600000000223e+01,1.250011844480687628e+01
3.058693099999999987e+01,1.249865352565145393e+01
3.059914599999999751e+01,1.249719468475591455e+01
3.061136100000000226e+01,1.249574189690026671e+01
3.062357699999999738e+01,1.249429501877399318e+01
3.063579200000000213e+01,1.249285426224672690e+01
3.064800699999999978e+01,1.249141948372347954e+01
3.066022199999999742e+01,1.248999065840024691e+01
3.067243700000000217e+01,1.248856776157593984e+01
3.068465299999999729e+01,1.248715065288864601e+01
3.069686800000000204e+01,1.248573953984879026e+01
3.070908299999999969e+01,1.248433428181584581e+01
3.072129799999999733e+01,1.248293485449614870e+01
3.073351399999999956e+01,1.248154111984293735e+01
3.074572899999999720e+01,1.248015328194392559e+01
3.075794400000000195e+01,1.247877120247833460e+01
3.077015899999999959e+01,1.247739485755320743e+01
3.078237399999999724e+01,1.247602422337471673e+01
3.079458999999999946e+01,1.247465916473640846e+01
3.080680499999999711e+01,1.247329988152690206e+01
3.081902000000000186e+01,1.247194623827136084e+01
3.083123499999999950e+01,1.247059821156842219e+01
3.084345100000000173e+01,1.246925566844174860e+01
3.085566599999999937e+01,1.246791880548296305e+01
3.086788099999999702e+01,1.246658748945177386e+01
3.088009600000000177e+01,1.246526169733280298e+01
3.089231199999999689e+01,1.246394129834304998e+01
3.090452700000000164e+01,1.246262648583151744e+01
3.091674199999999928e+01,1.246131712875560638e+01
3.092895699999999692e+01,1.246001320447955685e+01
3.094117200000000167e+01,1.245871469046153202e+01
3.095338799999999679e+01,1.245742145860938166e+01
3.096560300000000154e+01,1.245613369829396788e+01
3.097781799999999919e+01,1.245485128116888163e+01
3.099003299999999683e+01,1.245357418506409708e+01
3.100224899999999906e+01,1.245230228400023442e+01
3.101446399999999670e+01,1.245103576422464187e+01
3.102667900000000145e+01,1.244977449950787651e+01
3.103889399999999910e+01,1.244851846804558981e+01
3.105110899999999674e+01,1.244726764812389952e+01
3.106332499999999897e+01,1.244602191635544663e+01
3.107553999999999661e+01,1.244478145515554779e+01
3.108775500000000136e+01,1.244354614089192879e+01
3.109996999999999900e+01,1.244231595220886000e+01
3.111218600000000123e+01,1.244109076775415623e+01
3.112440099999999887e+01,1.243987076693434446e+01
3.113661599999999652e+01,1.243865582815636017e+01
3.114883100000000127e+01,1.243744593041671820e+01
3.116104700000000349e+01,1.243624095436484112e+01
3.117326200000000114e+01,1.243504107644809231e+01
3.118547699999999878e+01,1.243384617707898343e+01
3.119769199999999643e+01,1.243265623560046507e+01
3.120990700000000118e+01,1.243147123144120059e+01
3.122212300000000340e+01,1.243029104770624116e+01
3.123433800000000105e+01,1.242911585721255463e+01
3.124655299999999869e+01,1.242794554283316089e+01
3.125876800000000344e+01,1.242678008433602876e+01
3.127098399999999856e+01,1.242561936675429557e+01
3.128319900000000331e+01,1.242446356005445729e+01
3.129541400000000095e+01,1.242331254904144444e+01
3.130762899999999860e+01,1.242216631381693759e+01
3.131984500000000082e+01,1.242102474131035450e+01
3.133205999999999847e+01,1.241988799868473770e+01
3.134427500000000322e+01,1.241875597264506403e+01
3.135649000000000086e+01,1.241762864362122087e+01
3.136870499999999851e+01,1.241650599212429285e+01
3.138092100000000073e+01,1.241538790741012122e+01
3.139313599999999838e+01,1.241427455320237883e+01
3.140535100000000313e+01,1.241316581853707746e+01
3.141756600000000077e+01,1.241206168424676015e+01
3.142978200000000299e+01,1.241096204141390125e+01
3.144199700000000064e+01,1.240986705106168309e+01
3.145421199999999828e+01,1.240877660405638139e+01
3.146642700000000303e+01,1.240769068154668808e+01
3.147864200000000068e+01,1.240660926475951520e+01
3.149085800000000290e+01,1.240553224701830359e+01
3.150307300000000055e+01,1.240445978603319688e+01
3.151528799999999819e+01,1.240339177491589240e+01
3.152750300000000294e+01,1.240232819520294250e+01
3.153971899999999806e+01,1.240126894197733876e+01
3.155193400000000281e+01,1.240021417034791895e+01
3.156414900000000046e+01,1.239916377518941815e+01
3.157636399999999810e+01,1.239811773834292907e+01
3.158858000000000033e+01,1.239707595662195949e+01
3.160079499999999797e+01,1.239603858257695812e+01
3.161301000000000272e+01,1.239500551281661167e+01
3.162522500000000036e+01,1.239397672948152973e+01
3.163743999999999801e+01,1.239295221478642794e+01
3.164965600000000023e+01,1.239193186766786603e+01
3.166187099999999788e+01,1.239091583753758030e+01
3.167408600000000263e+01,1.238990402313152650e+01
3.168630100000000027e+01,1.238889640695776961e+01
3.169851700000000250e+01,1.238789288961983104e+01
3.171073200000000014e+01,1.238689361806502198e+01
3.172294699999999779e+01,1.238589849269956567e+01
3.173516200000000254e+01,1.238490749632004118e+01
3.174737700000000018e+01,1.238392061179441228e+01
3.175959300000000241e+01,1.238293774177127737e+01
3.177180800000000005e+01,1.238195903017451549e+01
3.178402299999999769e+01,1.238098437945948227e+01
3.179623800000000244e+01,1.238001377277672255e+01
3.180845399999999756e+01,1.237904711438056182e+01
3.182066900000000231e+01,1.237808454582097362e+01
3.183288399999999996e+01,1.237712597116223634e+01
3.184509899999999760e+01,1.237617137383280763e+01
3.185731499999999983e+01,1.237522065966625995e+01
3.186952999999999747e+01,1.237427396787781930e+01
3.188174500000000222e+01,1.237333120411414100e+01
3.189395999999999987e+01,1.237239235207702137e+01
3.190617499999999751e+01,1.237145739553587376e+01
3.191839099999999974e+01,1.237052624226174302e+01
3.193060599999999738e+01,1.236959902860550820e+01
3.194282100000000213e+01,1.236867566215513747e+01
3.195503599999999977e+01,1.236775612694776250e+01
3.196725200000000200e+01,1.236684033227566637e+01
3.197946699999999964e+01,1.236592841224073069e+01
3.199168199999999729e+01,1.236502027595518527e+01
3.200389700000000204e+01,1.236411590771945512e+01
3.201611299999999716e+01,1.236321521832197234e+01
3.202832800000000191e+01,1.236231833965271676e+01
3.204054299999999955e+01,1.236142518232304255e+01
3.205275799999999720e+01,1.236053573089232138e+01
3.206497300000000195e+01,1.235964996998399457e+01
3.207718899999999707e+01,1.235876781222201615e+01
3.208940400000000182e+01,1.235788938678274107e+01
3.210161899999999946e+01,1.235701460611668701e+01
3.211383399999999710e+01,1.235614345510091461e+01
3.212604999999999933e+01,1.235527584780057708e+01
3.213826499999999697e+01,1.235441191126137106e+01
3.215048000000000172e+01,1.235355155937786797e+01
3.216269499999999937e+01,1.235269477727657517e+01
3.217490999999999701e+01,1.235184155014570706e+01
3.218712599999999924e+01,1.235099179381852075e+01
3.219934099999999688e+01,1.235014563272675403e+01
3.221155600000000163e+01,1.234930298253659586e+01
3.222377099999999928e+01,1.234846382868057013e+01
3.223598700000000150e+01,1.234762808838019410e+01
3.224820199999999915e+01,1.234679588401480643e+01
3.226041699999999679e+01,1.234596713264161316e+01
3.227263200000000154e+01,1.234514181993341708e+01
3.228484799999999666e+01,1.234431986447709662e+01
3.229706300000000141e+01,1.234350138663344687e+01
3.230927799999999905e+01,1.234268630482774576e+01
3.232149299999999670e+01,1.234187460496910838e+01
3.233370800000000145e+01,1.234106627302512393e+01
3.234592399999999657e+01,1.234026122925773983e+01
3.235813900000000132e+01,1.233945959155133565e+01
3.237035399999999896e+01,1.233866128000958007e+01
3.238256899999999661e+01,1.233786628083151449e+01
3.239478499999999883e+01,1.233707451559430091e+01
3.240699999999999648e+01,1.233628610023790984e+01
3.241921500000000123e+01,1.233550095618383757e+01
3.243142999999999887e+01,1.233471906985875854e+01
3.244364499999999651e+01,1.233394042774566657e+01
3.245586099999999874e+01,1.233316495303526672e+01
3.246807600000000349e+01,1.233239275928207590e+01
3.248029100000000113e+01,1.233162376952433625e+01
3.249250599999999878e+01,1.233085797046799215e+01
3.250472200000000100e+01,1.233009528657065701e+01
3.251693699999999865e+01,1.232933582951385709e+01
3.252915200000000340e+01,1.232857952360525999e+01
3.254136700000000104e+01,1.232782635577008001e+01
3.255358300000000327e+01,1.232707625171194188e+01
3.256579800000000091e+01,1.232632932127027736e+01
3.257801299999999856e+01,1.232558549000123449e+01
3.259022800000000331e+01,1.232484474504568794e+01
3.260244300000000095e+01,1.232410707359787061e+01
3.261465900000000318e+01,1.232337240289004932e+01
3.262687400000000082e+01,1.232264084050171249e+01
3.263908899999999846e+01,1.232191231352068961e+01
3.265130400000000321e+01,1.232118680935243127e+01
3.266351999999999833e+01,1.232046425642944776e+01
3.267573500000000308e+01,1.231974476055679268e+01
3.268795000000000073e+01,1.231902825002492285e+01
3.270016499999999837e+01,1.231831471244702314e+01
3.271238000000000312e+01,1.231760413548768085e+01
3.272459599999999824e+01,1.231689644905189951e+01
3.273681100000000299e+01,1.231619175676780564e+01
3.274902600000000064e+01,1.231548998840126963e+01
3.276124099999999828e+01,1.231479113182033736e+01
3.277345700000000051e+01,1.231409511808617729e+01
3.278567199999999815e+01,1.231340204911765213e+01
3.279788700000000290e+01,1.231271185583908512e+01
3.281010200000000054e+01,1.231202452631863054e+01
3.282231800000000277e+01,1.231133999275454549e+01
3.283453300000000041e+01,1.231065835538462316e+01
3.284674799999999806e+01,1.230997954627253677e+01
3.285896300000000281e+01,1.230930355368324491e+01
3.287117800000000045e+01,1.230863036593039794e+01
3.288339400000000268e+01,1.230795991660726862e+01
3.289560900000000032e+01,1.230729230388926609e+01
3.290782399999999797e+01,1.230662746123784679e+01
3.292003900000000272e+01,1.230596537715941707e+01
3.293225499999999784e+01,1.230530598634257622e+01
3.294447000000000259e+01,1.230464938534341002e+01
3.295668500000000023e+01,1.230399550872087211e+01
3.296889999999999787e+01,1.230334434517094877e+01
3.298111600000000010e+01,1.230269583045949489e+01
3.299333099999999774e+01,1.230205005954998221e+01
3.300554600000000249e+01,1.230140696808076228e+01
3.301776100000000014e+01,1.230076654493427313e+01
3.302997599999999778e+01,1.230012877903907409e+01
3.304219200000000001e+01,1.229949360748263665e+01
3.305440699999999765e+01,1.229886112327456438e+01
3.306662200000000240e+01,1.229823126337744732e+01
3.307883700000000005e+01,1.229760401690246496e+01
3.309105300000000227e+01,1.229697932197477073e+01
3.310326799999999992e+01,1.229635727006986023e+01
3.311548299999999756e+01,1.229573779919006782e+01
3.312769800000000231e+01,1.229512089862617330e+01
3.313991299999999995e+01,1.229450655771339562e+01
3.315212900000000218e+01,1.229389471584996052e+01
3.316434399999999982e+01,1.229328546262925670e+01
3.317655899999999747e+01,1.229267873732922034e+01
3.318877400000000222e+01,1.229207452946097234e+01
3.320098999999999734e+01,1.229147277942231931e+01
3.321320500000000209e+01,1.229087357532887914e+01
3.322541999999999973e+01,1.229027685746014953e+01
3.323763499999999738e+01,1.228968261550025609e+01
3.324985099999999960e+01,1.228909079083009459e+01
3.326206599999999725e+01,1.228850147011188731e+01
3.327428100000000200e+01,1.228791459461017155e+01
3.328649599999999964e+01,1.228733015417923014e+01
3.329871099999999728e+01,1.228674813871543314e+01
3.331092699999999951e+01,1.228616849080576223e+01
3.332314199999999715e+01,1.228559129532937177e+01
3.333535700000000190e+01,1.228501649475927771e+01
3.334757199999999955e+01,1.228444407915850434e+01
3.335978800000000177e+01,1.228387399206101271e+01
3.337200299999999942e+01,1.228330631694594643e+01
3.338421799999999706e+01,1.228274099723517843e+01
3.339643300000000181e+01,1.228217802315563922e+01
3.340864799999999946e+01,1.228161738497481004e+01
3.342086400000000168e+01,1.228105902738843191e+01
3.343307899999999933e+01,1.228050303215806949e+01
3.344529399999999697e+01,1.227994934386969206e+01
3.345750900000000172e+01,1.227939795295130843e+01
3.346972499999999684e+01,1.227884880501085973e+01
3.348194000000000159e+01,1.227830198046132182e+01
3.349415499999999923e+01,1.227775742480267240e+01
3.350636999999999688e+01,1.227721512862079933e+01
3.351858599999999910e+01,1.227667503842079988e+01
3.353080099999999675e+01,1.227613723328930284e+01
3.354301600000000150e+01,1.227560165962521488e+01
3.355523099999999914e+01,1.227506830816970762e+01
3.356744599999999679e+01,1.227453716970236641e+01
3.357966199999999901e+01,1.227400819182894232e+01
3.359187699999999666e+01,1.227348145200885732e+01
3.360409200000000141e+01,1.227295689774386211e+01
3.361630699999999905e+01,1.227243451996562662e+01
3.362852300000000128e+01,1.227191426714409950e+01
3.364073799999999892e+01,1.227139621546107762e+01
3.365295299999999656e+01,1.227088031328422524e+01
3.366516800000000131e+01,1.227036655169478507e+01
3.367738399999999643e+01,1.226985488001265168e+01
3.368959900000000118e+01,1.226934537316306617e+01
3.370181399999999883e+01,1.226883798036532625e+01
3.371402899999999647e+01,1.226833269284778360e+01
3.372624400000000122e+01,1.226782950187518217e+01
3.373846000000000345e+01,1.226732835781015929e+01
3.375067500000000109e+01,1.226682933403637321e+01
3.376288999999999874e+01,1.226633238081792854e+01
3.377510500000000349e+01,1.226583748956365483e+01
3.378732099999999861e+01,1.226534461145491584e+01
3.379953600000000336e+01,1.226485381866496205e+01
3.381175100000000100e+01,1.226436506227825696e+01
3.382396599999999864e+01,1.226387833384533188e+01
3.383618100000000339e+01,1.226339362495177454e+01
3.384839699999999851e+01,1.226291088778339144e+01
3.386061200000000326e+01,1.226243019302847514e+01
3.387282700000000091e+01,1.226195149277791963e+01
3.388504199999999855e+01,1.226147477875610470e+01
3.389725800000000078e+01,1.226100000393748779e+01
3.390947299999999842e+01,1.226052723784442122e+01
3.392168800000000317e+01,1.226005643335801665e+01
3.393390300000000082e+01,1.225958758233915447e+01
3.394611900000000304e+01,1.225912063853794187e+01
3.395833400000000069e+01,1.225865567033001291e+01
3.397054899999999833e+01,1.225819263137367088e+01
3.398276400000000308e+01,1.225773151366404079e+01
3.399497900000000072e+01,1.225727230922946553e+01
3.400719500000000295e+01,1.225681497277163778e+01
3.401941000000000059e+01,1.225635957125937026e+01
3.403162499999999824e+01,1.225590605930444177e+01
3.404384000000000299e+01,1.225545442906668114e+01
3.405605599999999811e+01,1.225500463599493806e+01
3.406827100000000286e+01,1.225455674595343147e+01
3.408048600000000050e+01,1.225411071430258048e+01
3.409270099999999815e+01,1.225366653333152911e+01
3.410491600000000290e+01,1.225322419536141538e+01
3.411713199999999802e+01,1.225278365675773173e+01
3.412934700000000277e+01,1.225234498202953759e+01
3.414156200000000041e+01,1.225190812745571378e+01
3.415377699999999805e+01,1.225147308548405256e+01
3.416599300000000028e+01,1.225103981319976221e+01
3.417820799999999792e+01,1.225060837404787861e+01
3.419042300000000267e+01,1.225017872502842664e+01
3.420263800000000032e+01,1.224975085871376734e+01
3.421485400000000254e+01,1.224932473289694990e+01
3.422706900000000019e+01,1.224890040997653884e+01
3.423928399999999783e+01,1.224847784766180858e+01
3.425149900000000258e+01,1.224805703864763018e+01
3.426371400000000023e+01,1.224763797565918999e+01
3.427593000000000245e+01,1.224722061735794298e+01
3.428814500000000010e+01,1.224680502485860778e+01
3.430035999999999774e+01,1.224639115674058587e+01
3.431257500000000249e+01,1.224597900584905297e+01
3.432479099999999761e+01,1.224556853152730973e+01
3.433700600000000236e+01,1.224515979388203846e+01
3.434922100000000000e+01,1.224475275217583814e+01
3.436143599999999765e+01,1.224434739937189853e+01
3.437365199999999987e+01,1.224394369548411987e+01
3.438586699999999752e+01,1.224354169962777128e+01
3.439808200000000227e+01,1.224314137173738537e+01
3.441029699999999991e+01,1.224274270489221550e+01
3.442251199999999756e+01,1.224234569220023339e+01
3.443472799999999978e+01,1.224195029449805006e+01
3.444694299999999743e+01,1.224155656968464534e+01
3.445915800000000218e+01,1.224116447851889156e+01
3.447137299999999982e+01,1.224077401422244016e+01
3.448358900000000204e+01,1.224038513827786900e+01
3.449580399999999969e+01,1.223999790762916007e+01
3.450801899999999733e+01,1.223961228368243859e+01
3.452023400000000208e+01,1.223922825977115636e+01
3.453244899999999973e+01,1.223884582925642661e+01
3.454466500000000195e+01,1.223846495441332571e+01
3.455687999999999960e+01,1.223808569101421284e+01
3.456909499999999724e+01,1.223770800125928204e+01
3.458131000000000199e+01,1.223733187861914651e+01
3.459352599999999711e+01,1.223695728599112265e+01
3.460574100000000186e+01,1.223658427822765660e+01
3.461795599999999951e+01,1.223621281815241169e+01
3.463017099999999715e+01,1.223584289934370517e+01
3.464238699999999938e+01,1.223547448531082615e+01
3.465460199999999702e+01,1.223510763000147605e+01
3.466681700000000177e+01,1.223474229685251302e+01
3.467903199999999941e+01,1.223437847954817137e+01
3.469124699999999706e+01,1.223401617179889023e+01
3.470346299999999928e+01,1.223365533786475723e+01
3.471567799999999693e+01,1.223329603058350123e+01
3.472789300000000168e+01,1.223293821414426397e+01
3.474010799999999932e+01,1.223258188236122912e+01
3.475232400000000155e+01,1.223222700008398078e+01
3.476453899999999919e+01,1.223187361927873340e+01
3.477675399999999684e+01,1.223152170472530287e+01
3.478896900000000159e+01,1.223117125033989794e+01
3.480118399999999923e+01,1.223082225006397294e+01
3.481340000000000146e+01,1.223047466947033257e+01
3.482561499999999910e+01,1.223012855945598965e+01
3.483782999999999674e+01,1.222978388552540885e+01
3.485004500000000149e+01,1.222944064171997702e+01
3.486226099999999661e+01,1.222909879418034684e+01
3.487447600000000136e+01,1.222875839296402489e+01
3.488669099999999901e+01,1.222841940414445538e+01
3.489890599999999665e+01,1.222808182186130566e+01
3.491112199999999888e+01,1.222774561281370787e+01
3.492333699999999652e+01,1.222741082623351261e+01
3.493555200000000127e+01,1.222707742875375558e+01
3.494776699999999892e+01,1.222674541461076458e+01
3.495998199999999656e+01,1.222641477806478072e+01
3.497219799999999879e+01,1.222608548650010363e+01
3.498441299999999643e+01,1.222575758813564129e+01
3.499662800000000118e+01,1.222543105029094868e+01
3.500884299999999882e+01,1.222510586732094318e+01
3.502105900000000105e+01,1.222478200714789054e+01
3.503327399999999869e+01,1.222445951719536872e+01
3.504548900000000344e+01,1.222413836532197173e+01
3.505770400000000109e+01,1.222381854597572470e+01
3.506991899999999873e+01,1.222350005362769032e+01
3.508213500000000096e+01,1.222318285686013617e+01
3.509434999999999860e+01,1.222286700212089627e+01
3.510656500000000335e+01,1.222255245792987743e+01
3.511878000000000100e+01,1.222223921884933517e+01
3.513099600000000322e+01,1.222192725397974300e+01
3.514321100000000087e+01,1.222161660900282243e+01
3.515542599999999851e+01,1.222130725295771470e+01
3.516764100000000326e+01,1.222099918049636713e+01
3.517985699999999838e+01,1.222069236122891489e+01
3.519207200000000313e+01,1.222038684008359866e+01
3.520428700000000077e+01,1.222008258661023206e+01
3.521650199999999842e+01,1.221977959554897453e+01
3.522871700000000317e+01,1.221947786166180983e+01
3.524093299999999829e+01,1.221917735518414716e+01
3.525314800000000304e+01,1.221887812011982710e+01
3.526536300000000068e+01,1.221858012664517368e+01
3.527757799999999833e+01,1.221828336960856909e+01
3.528979400000000055e+01,1.221798781973636139e+01
3.530200899999999820e+01,1.221769352030658595e+01
3.531422400000000295e+01,1.221740044198748443e+01
3.532643900000000059e+01,1.221710857971241104e+01
3.533865500000000281e+01,1.221681790469055784e+01
3.535087000000000046e+01,1.221652845948612587e+01
3.536308499999999810e+01,1.221624021525115822e+01
3.537530000000000285e+01,1.221595316700257783e+01
3.538751500000000050e+01,1.221566730977798443e+01
3.539973100000000272e+01,1.221538261537894243e+01
3.541194600000000037e+01,1.221509912549389298e+01
3.542416099999999801e+01,1.221481681186842572e+01
3.543637600000000276e+01,1.221453566962199311e+01
3.544859199999999788e+01,1.221425567102126664e+01
3.546080700000000263e+01,1.221397685706707037e+01
3.547302200000000028e+01,1.221369919997103182e+01
3.548523699999999792e+01,1.221342269493309907e+01
3.549745200000000267e+01,1.221314733717313850e+01
3.550966799999999779e+01,1.221287309952843714e+01
3.552188300000000254e+01,1.221260002215622897e+01
3.553409800000000018e+01,1.221232807783988150e+01
3.554631299999999783e+01,1.221205726187810825e+01
3.555852900000000005e+01,1.221178754755621831e+01
3.557074399999999770e+01,1.221151897436909017e+01
3.558295900000000245e+01,1.221125151554900512e+01
3.559517400000000009e+01,1.221098516647221999e+01
3.560739000000000232e+01,1.221071990086467984e+01
3.561960499999999996e+01,1.221045575756982871e+01
3.563181999999999761e+01,1.221019271026145958e+01
3.564403500000000236e+01,1.220993075439209186e+01
3.565625000000000000e+01,1.220966988543311516e+01
3.566846600000000223e+01,1.220941007765106434e+01
3.568068099999999987e+01,1.220915136909017917e+01
3.569289599999999751e+01,1.220889373396591360e+01
3.570511100000000226e+01,1.220863716782435304e+01
3.571732699999999738e+01,1.220838164535648218e+01
3.572954200000000213e+01,1.220812720397903384e+01
3.574175699999999978e+01,1.220787381833275909e+01
3.575397199999999742e+01,1.220762148403720282e+01
3.576618700000000217e+01,1.220737019673008916e+01
3.577840299999999729e+01,1.220711993162313647e+01
3.579061800000000204e+01,1.220687072536323114e+01
3.580283299999999969e+01,1.220662255311288469e+01
3.581504799999999733e+01,1.220637541058177433e+01
3.582726399999999956e+01,1.220612927339048071e+01
3.583947899999999720e+01,1.220588417758142796e+01
3.585169400000000195e+01,1.220564009872680522e+01
3.586390899999999959e+01,1.220539703260705089e+01
3.587612500000000182e+01,1.220515495524486482e+01
3.588833999999999946e+01,1.220491390208818316e+01
3.590055499999999711e+01,1.220467384911210829e+01
3.591277000000000186e+01,1.220443479216668159e+01
3.592498499999999950e+01,1.220419672711915915e+01
3.593720100000000173e+01,1.220395963048557242e+01
3.594941599999999937e+01,1.220372353698451562e+01
3.596163099999999702e+01,1.220348842308540505e+01
3.597384600000000177e+01,1.220325428472366447e+01
3.598606199999999689e+01,1.220302109880267416e+01
3.599827700000000164e+01,1.220278889946837531e+01
3.601049199999999928e+01,1.220255766357829863e+01
3.602270699999999692e+01,1.220232738713491116e+01
3.603492299999999915e+01,1.220209804742255244e+01
3.604713799999999679e+01,1.220186967802395372e+01
3.605935300000000154e+01,1.220164225617836351e+01
3.607156799999999919e+01,1.220141577795418542e+01
3.608378299999999683e+01,1.220119023943613179e+01
3.609599899999999906e+01,1.220096561837591587e+01
3.610821399999999670e+01,1.220074194766530873e+01
3.612042900000000145e+01,1.220051920501185805e+01
3.613264399999999910e+01,1.220029738656485918e+01
3.614486000000000132e+01,1.220007647044299048e+01
3.615707499999999897e+01,1.219985648899550057e+01
3.616928999999999661e+01,1.219963742029763232e+01
3.618150500000000136e+01,1.219941926056219650e+01
3.619371999999999900e+01,1.219920200601771398e+01
3.620593600000000123e+01,1.219898563523307189e+01
3.621815099999999887e+01,1.219877017989193391e+01
3.623036599999999652e+01,1.219855561852064341e+01
3.624258100000000127e+01,1.219834194740993283e+01
3.625479700000000349e+01,1.219812914548217542e+01
3.626701200000000114e+01,1.219791724389843957e+01
3.627922699999999878e+01,1.219770622153925821e+01
3.629144199999999643e+01,1.219749607475654685e+01
3.630365799999999865e+01,1.219728678282033485e+01
3.631587300000000340e+01,1.219707837637771597e+01
3.632808800000000105e+01,1.219687083465757205e+01
3.634030299999999869e+01,1.219666415407198912e+01
3.635251800000000344e+01,1.219645833104793375e+01
3.636473399999999856e+01,1.219625334528195992e+01
3.637694900000000331e+01,1.219604922679059378e+01
3.638916400000000095e+01,1.219584595523008730e+01
3.640137899999999860e+01,1.219564352708634125e+01
3.641359500000000082e+01,1.219544192239079905e+01
3.642580999999999847e+01,1.219524117066488778e+01
3.643802500000000322e+01,1.219504125190041322e+01
3.645024000000000086e+01,1.219484216264123866e+01
3.646245499999999851e+01,1.219464389944557325e+01
3.647467100000000073e+01,1.219444644275570688e+01
3.648688599999999838e+01,1.219424982148566983e+01
3.649910100000000313e+01,1.219405401603893147e+01
3.651131600000000077e+01,1.219385902303046798e+01
3.652353200000000299e+01,1.219366482322515743e+01
3.653574700000000064e+01,1.219347144506011915e+01
3.654796199999999828e+01,1.219327886926204840e+01
3.656017700000000303e+01,1.219308709250175760e+01
3.657239299999999815e+01,1.219289609586139278e+01
3.658460800000000290e+01,1.219270590730902093e+01
3.659682300000000055e+01,1.219251650788923946e+01
3.660903799999999819e+01,1.219232789432777153e+01
3.662125300000000294e+01,1.219214006336392231e+01
3.663346899999999806e+01,1.219195299646907316e+01
3.664568400000000281e+01,1.219176672103585268e+01
3.665789900000000046e+01,1.219158121849886278e+01
3.667011399999999810e+01,1.219139648565119316e+01
3.668233000000000033e+01,1.219121250426983671e+01
3.669454499999999797e+01,1.219102930129560569e+01
3.670676000000000272e+01,1.219084685846932103e+01
3.671897500000000036e+01,1.219066517263696880e+01
3.673118999999999801e+01,1.219048424065761971e+01
3.674340600000000023e+01,1.219030404468320761e+01
3.675562099999999788e+01,1.219012461110023615e+01
3.676783600000000263e+01,1.218994592202520799e+01
3.678005100000000027e+01,1.218976797436900306e+01
3.679226700000000250e+01,1.218959075057794195e+01
3.680448200000000014e+01,1.218941427660330490e+01
3.681669699999999779e+01,1.218923853485657105e+01
3.682891200000000254e+01,1.218906352229957157e+01
3.684112799999999766e+01,1.218888922166815902e+01
3.685334300000000241e+01,1.218871565848557026e+01
3.686555800000000005e+01,1.218854281545339191e+01
3.687777299999999769e+01,1.218837068958356440e+01
3.688998800000000244e+01,1.218819927790043423e+01
3.690220399999999756e+01,1.218802856349505959e+01
3.691441900000000231e+01,1.218785857136554007e+01
3.692663399999999996e+01,1.218768928456937495e+01
3.693884899999999760e+01,1.218752070017998435e+01
3.695106499999999983e+01,1.218735280156733403e+01
3.696327999999999747e+01,1.218718561331719563e+01
3.697549500000000222e+01,1.218701911876652133e+01
3.698770999999999987e+01,1.218685331503700731e+01
3.699992600000000209e+01,1.218668818577291013e+01
3.701214099999999974e+01,1.218652375515448583e+01
3.702435599999999738e+01,1.218636000679352627e+01
3.703657100000000213e+01,1.218619693785920255e+01
3.704878599999999977e+01,1.218603454553242926e+01
3.706100200000000200e+01,1.218587281379398668e+01
3.707321699999999964e+01,1.218571176632661768e+01
3.708543199999999729e+01,1.218555138707930396e+01
3.709764700000000204e+01,1.218539167327946160e+01
3.710986299999999716e+01,1.218523260917208972e+01
3.712207800000000191e+01,1.218507421804930857e+01
3.713429299999999955e+01,1.218491648412484629e+01
3.714650799999999720e+01,1.218475940467184948e+01
3.715872300000000195e+01,1.218460297697477479e+01
3.717093899999999707e+01,1.218444718560278694e+01
3.718315400000000182e+01,1.218429205336876642e+01
3.719536899999999946e+01,1.218413756481124643e+01
3.720758399999999710e+01,1.218398371725947626e+01
3.721979999999999933e+01,1.218383049553713526e+01
3.723201499999999697e+01,1.218367792208082712e+01
3.724423000000000172e+01,1.218352598168410772e+01
3.725644499999999937e+01,1.218337467172027999e+01
3.726866100000000159e+01,1.218322397726334394e+01
3.728087599999999924e+01,1.218307392037982950e+01
3.729309099999999688e+01,1.218292448611411061e+01
3.730530600000000163e+01,1.218277567188281374e+01
3.731752099999999928e+01,1.218262747511328570e+01
3.732973700000000150e+01,1.218247988118662839e+01
3.734195199999999915e+01,1.218233291171535448e+01
3.735416699999999679e+01,1.218218655205154910e+01
3.736638200000000154e+01,1.218204079966498909e+01
3.737859799999999666e+01,1.218189564017790971e+01
3.739081300000000141e+01,1.218175109484633722e+01
3.740302799999999905e+01,1.218160714926396260e+01
3.741524299999999670e+01,1.218146380094230175e+01
3.742745800000000145e+01,1.218132104740319299e+01
3.743967399999999657e+01,1.218117887456468651e+01
3.745188900000000132e+01,1.218103730324547129e+01
3.746410399999999896e+01,1.218089631933564831e+01
3.747631899999999661e+01,1.218075592039793165e+01
3.748853499999999883e+01,1.218061609258264255e+01
3.750074999999999648e+01,1.218047685636508248e+01
3.751296500000000123e+01,1.218033819786808358e+01
3.752517999999999887e+01,1.218020011469455888e+01
3.753739600000000110e+01,1.218006259322327089e+01
3.754961099999999874e+01,1.217992565359179835e+01
3.756182600000000349e+01,1.217978928215186230e+01
3.757404100000000113e+01,1.217965347654591923e+01
3.758625599999999878e+01,1.217951823442620274e+01
3.759847200000000100e+01,1.217938354245172761e+01
3.761068699999999865e+01,1.217924942034574443e+01
3.762290200000000340e+01,1.217911585474079139e+01
3.763511700000000104e+01,1.217898284332782488e+01
3.764733300000000327e+01,1.217885037298591122e+01
3.765954800000000091e+01,1.217871846311298079e+01
3.767176299999999856e+01,1.217858710056205496e+01
3.768397800000000331e+01,1.217845628306217876e+01
3.769619399999999843e+01,1.217832599770883739e+01
3.770840900000000318e+01,1.217819626358000740e+01
3.772062400000000082e+01,1.217806706774555892e+01
3.773283899999999846e+01,1.217793840797199501e+01
3.774505400000000321e+01,1.217781028203508420e+01
3.775726999999999833e+01,1.217768267729582199e+01
3.776948500000000308e+01,1.217755561243965623e+01
3.778170000000000073e+01,1.217742907480249492e+01
3.779391499999999837e+01,1.217730306219679548e+01
3.780613100000000060e+01,1.217717756219201775e+01
3.781834599999999824e+01,1.217705259316541522e+01
3.783056100000000299e+01,1.217692814266177415e+01
3.784277600000000064e+01,1.217680420852963508e+01
3.785499099999999828e+01,1.217668078862646297e+01
3.786720700000000051e+01,1.217655787077747753e+01
3.787942199999999815e+01,1.217643547298181872e+01
3.789163700000000290e+01,1.217631358304054068e+01
3.790385200000000054e+01,1.217619219884644899e+01
3.791606800000000277e+01,1.217607130842557694e+01
3.792828300000000041e+01,1.217595092948018376e+01
3.794049799999999806e+01,1.217583105001253152e+01
3.795271300000000281e+01,1.217571166795018556e+01
3.796492899999999793e+01,1.217559277151667985e+01
3.797714400000000268e+01,1.217547437812228495e+01
3.798935900000000032e+01,1.217535647596716331e+01
3.800157399999999797e+01,1.217523906301305914e+01
3.801378900000000272e+01,1.217512213723017034e+01
3.802600499999999784e+01,1.217500568708433484e+01
3.803822000000000259e+01,1.217488972962761018e+01
3.805043500000000023e+01,1.217477425330293528e+01
3.806264999999999787e+01,1.217465925611399236e+01
3.807486600000000010e+01,1.217454472671686361e+01
3.808708099999999774e+01,1.217443068188234712e+01
3.809929600000000249e+01,1.217431711024400443e+01
3.811151100000000014e+01,1.217420400983844786e+01
3.812372599999999778e+01,1.217409137871043079e+01
3.813594200000000001e+01,1.217397920574943626e+01
3.814815699999999765e+01,1.217386750738120504e+01
3.816037200000000240e+01,1.217375627247316316e+01
3.817258700000000005e+01,1.217364549910231553e+01
3.818480300000000227e+01,1.217353517634140658e+01
3.819701799999999992e+01,1.217342532034524538e+01
3.820923299999999756e+01,1.217331592016488173e+01
3.822144800000000231e+01,1.217320697390903916e+01
3.823366399999999743e+01,1.217309847083069663e+01
3.824587900000000218e+01,1.217299042681820254e+01
3.825809399999999982e+01,1.217288283110320357e+01
3.827030899999999747e+01,1.217277568182561787e+01
3.828252400000000222e+01,1.217266897713308182e+01
3.829473999999999734e+01,1.217256270649969174e+01
3.830695500000000209e+01,1.217245688548689664e+01
3.831916999999999973e+01,1.217235150354789752e+01
3.833138499999999738e+01,1.217224655886088769e+01
3.834360099999999960e+01,1.217214204107357567e+01
3.835581599999999725e+01,1.217203796549074113e+01
3.836803100000000200e+01,1.217193432173954548e+01
3.838024599999999964e+01,1.217183110802822554e+01
3.839246200000000186e+01,1.217172831417525103e+01
3.840467699999999951e+01,1.217162595523295465e+01
3.841689199999999715e+01,1.217152402099959119e+01
3.842910700000000190e+01,1.217142250971295425e+01
3.844132199999999955e+01,1.217132141961814895e+01
3.845353800000000177e+01,1.217122074074312366e+01
3.846575299999999942e+01,1.217112048783051392e+01
3.847796799999999706e+01,1.217102065088847418e+01
3.849018300000000181e+01,1.217092122819105526e+01
3.850239899999999693e+01,1.217082220993068553e+01
3.851461400000000168e+01,1.217072361060683505e+01
3.852682899999999933e+01,1.217062542039246509e+01
3.853904399999999697e+01,1.217052763759009260e+01
3.855125900000000172e+01,1.217043026050928134e+01
3.856347499999999684e+01,1.217033327954425026e+01
3.857569000000000159e+01,1.217023670889613918e+01
3.858790499999999923e+01,1.217014053894010495e+01
3.860011999999999688e+01,1.217004476801358948e+01
3.861233599999999910e+01,1.216994938666925208e+01
3.862455099999999675e+01,1.216985440887399861e+01
3.863676600000000150e+01,1.216975982516173538e+01
3.864898099999999914e+01,1.216966563389733125e+01
3.866119700000000137e+01,1.216957182578926933e+01
3.867341199999999901e+01,1.216947841457408330e+01
3.868562699999999666e+01,1.216938539094181593e+01
3.869784200000000141e+01,1.216929275328430293e+01
3.871005699999999905e+01,1.216920050000005560e+01
3.872227300000000128e+01,1.216910862198872856e+01
3.873448799999999892e+01,1.216901713270423002e+01
3.874670299999999656e+01,1.216892602302815263e+01
3.875891800000000131e+01,1.216883529138541853e+01
3.877113399999999643e+01,1.216874492882579162e+01
3.878334900000000118e+01,1.216865494858126517e+01
3.879556399999999883e+01,1.216856534168383241e+01
3.880777899999999647e+01,1.216847610658439827e+01
3.881999400000000122e+01,1.216838724174029451e+01
3.883221000000000345e+01,1.216829873838543108e+01
3.884442500000000109e+01,1.216821060947955502e+01
3.885663999999999874e+01,1.216812284623917684e+01
3.886885500000000349e+01,1.216803544714707463e+01
3.888107099999999861e+01,1.216794840358174667e+01
3.889328600000000336e+01,1.216786172828918211e+01
3.890550100000000100e+01,1.216777541263076401e+01
3.891771599999999864e+01,1.216768945511429756e+01
3.892993200000000087e+01,1.216760384726048727e+01
3.894214699999999851e+01,1.216751860160508336e+01
3.895436200000000326e+01,1.216743370965196291e+01
3.896657700000000091e+01,1.216734916993353544e+01
3.897879199999999855e+01,1.216726498098830866e+01
3.899100800000000078e+01,1.216718113451144845e+01
3.900322299999999842e+01,1.216709764278078154e+01
3.901543800000000317e+01,1.216701449747499097e+01
3.902765300000000082e+01,1.216693169715668610e+01
3.903986900000000304e+01,1.216684923365801474e+01
3.905208400000000069e+01,1.216676711905429364e+01
3.906429899999999833e+01,1.216668534516145783e+01
3.907651400000000308e+01,1.216660391056582569e+01
3.908872900000000072e+01,1.216652281385957934e+01
3.910094500000000295e+01,1.216644204704292065e+01
3.911316000000000059e+01,1.216636162194271797e+01
3.912537499999999824e+01,1.216628153054329253e+01
3.913759000000000299e+01,1.216620177146004700e+01
3.914980599999999811e+01,1.216612233682513633e+01
3.916202100000000286e+01,1.216604323827034939e+01
3.917423600000000050e+01,1.216596446791222164e+01
3.918645099999999815e+01,1.216588602438899436e+01
3.919866700000000037e+01,1.216580789996259426e+01
3.921088199999999802e+01,1.216573010607295657e+01
3.922309700000000277e+01,1.216565263496664429e+01
3.923531200000000041e+01,1.216557548530436250e+01
3.924752699999999805e+01,1.216549865575237277e+01
3.925974300000000028e+01,1.216542213873180778e+01
3.927195799999999792e+01,1.216534594544723014e+01
3.928417300000000267e+01,1.216527006830472857e+01
3.929638800000000032e+01,1.216519450599256480e+01
3.930860400000000254e+01,1.216511925105688086e+01
3.932081900000000019e+01,1.216504431451742541e+01
3.933303399999999783e+01,1.216496968890554520e+01
3.934524900000000258e+01,1.216489537293113621e+01
3.935746499999999770e+01,1.216482135926328567e+01
3.936968000000000245e+01,1.216474765873998187e+01
3.938189500000000010e+01,1.216467426401576191e+01
3.939410999999999774e+01,1.216460117382179895e+01
3.940632500000000249e+01,1.216452838689453131e+01
3.941854099999999761e+01,1.216445589605388378e+01
3.943075600000000236e+01,1.216438371191484968e+01
3.944297100000000000e+01,1.216431182728310034e+01
3.945518599999999765e+01,1.216424024091591427e+01
3.946740199999999987e+01,1.216416894575164243e+01
3.947961699999999752e+01,1.216409795223019508e+01
3.949183200000000227e+01,1.216402725327590773e+01
3.950404699999999991e+01,1.216395684766655805e+01
3.951626199999999756e+01,1.216388673418499344e+01
3.952847799999999978e+01,1.216381690591486020e+01
3.954069299999999743e+01,1.216374737308126797e+01
3.955290800000000218e+01,1.216367812875413001e+01
3.956512299999999982e+01,1.216360917173637368e+01
3.957733900000000204e+01,1.216354049522572112e+01
3.958955399999999969e+01,1.216347210927862754e+01
3.960176899999999733e+01,1.216340400707931479e+01
3.961398400000000208e+01,1.216333618745045264e+01
3.962619999999999720e+01,1.216326864370196326e+01
3.963841500000000195e+01,1.216320138572442744e+01
3.965062999999999960e+01,1.216313440681448554e+01
3.966284499999999724e+01,1.216306770581423180e+01
3.967506000000000199e+01,1.216300128157055482e+01
3.968727599999999711e+01,1.216293512753102668e+01
3.969949100000000186e+01,1.216286925338273051e+01
3.971170599999999951e+01,1.216280365256023011e+01
3.972392099999999715e+01,1.216273832392943710e+01
3.973613699999999938e+01,1.216267326104599888e+01
3.974835199999999702e+01,1.216260847343721885e+01
3.976056700000000177e+01,1.216254395464595284e+01
3.977278199999999941e+01,1.216247970355681751e+01
3.978499699999999706e+01,1.216241571905906049e+01
3.979721299999999928e+01,1.216235199484092000e+01
3.980942799999999693e+01,1.216228854023367667e+01
3.982164300000000168e+01,1.216222534891304186e+01
3.983385799999999932e+01,1.216216241978658097e+01
3.984607400000000155e+01,1.216209974664663918e+01
3.985828899999999919e+01,1.216203733867058645e+01
3.987050399999999684e+01,1.216197518963844715e+01
