# time delay / ns, fit / counts
1.072368000000004429e+00,9.324080947957554599e+02
1.169856000000002894e+00,9.203650344461265149e+02
1.267344000000001358e+00,9.085272136055725696e+02
1.364831999999999823e+00,8.968910316710438337e+02
1.462320000000005393e+00,8.854529513694442358e+02
1.559808000000003858e+00,8.742094976434905220e+02
1.657296000000002323e+00,8.631572565571664200e+02
1.754784000000000788e+00,8.522928742204396713e+02
1.852273000000003833e+00,8.416129471183002124e+02
1.949761000000002298e+00,8.311144573749345454e+02
2.047249000000000763e+00,8.207941144835533578e+02
2.144736999999999227e+00,8.106487943591633893e+02
2.242225000000004798e+00,8.006754278635089577e+02
2.339713000000003262e+00,7.908709998384180153e+02
2.437201000000001727e+00,7.812325481561476863e+02
2.534689000000000192e+00,7.717571627864431321e+02
2.632176999999998657e+00,7.624419848800073396e+02
2.729665000000004227e+00,7.532842058680938635e+02
2.827153000000002692e+00,7.442810665779459214e+02
2.924641000000001156e+00,7.354298563637887582e+02
3.022128999999999621e+00,7.267279122531188023e+02
3.119617000000005191e+00,7.181726181080069864e+02
3.217105000000003656e+00,7.097614038011618049e+02
3.314593000000002121e+00,7.014917444064817573e+02
3.412081000000000586e+00,6.933611594038538897e+02
3.509568999999999050e+00,6.853672118979393417e+02
3.607057000000004621e+00,6.775075078507040871e+02
3.704545000000003085e+00,6.697796953274532825e+02
3.802033000000001550e+00,6.621814637561240033e+02
3.899521000000000015e+00,6.547105431996175184e+02
3.997009000000005585e+00,6.473647036409265638e+02
4.094497000000004050e+00,6.401417542808451344e+02
4.191985000000002515e+00,6.330395428480277360e+02
4.289473000000000980e+00,6.260559549211915282e+02
4.386962000000004025e+00,6.191888434141187645e+02
4.484450000000002490e+00,6.124363084822020937e+02
4.581938000000000955e+00,6.057962742720253573e+02
4.679425999999999419e+00,5.992667712202824077e+02
4.776914000000004989e+00,5.928458643994520116e+02
4.874402000000003454e+00,5.865316529084723243e+02
4.971890000000001919e+00,5.803222692741327364e+02
5.069378000000000384e+00,5.742158788629997161e+02
5.166865999999998849e+00,5.682106793036871295e+02
5.264354000000004419e+00,5.623048999192915289e+02
5.361842000000002884e+00,5.564968011698131249e+02
5.459330000000001348e+00,5.507846741043824750e+02
5.556817999999999813e+00,5.451668398231290666e+02
5.654306000000005383e+00,5.396416489485142165e+02
5.751794000000003848e+00,5.342074811059671902e+02
5.849282000000002313e+00,5.288627444136541271e+02
5.946770000000000778e+00,5.236058749812289079e+02
6.044257999999999242e+00,5.184353364173981618e+02
6.141746000000004813e+00,5.133496193461520534e+02
6.239234000000003277e+00,5.083472409315064056e+02
6.336722000000001742e+00,5.034267444106024527e+02
6.434210000000000207e+00,4.985866986350251295e+02
6.531697999999998672e+00,4.938256976201886914e+02
6.629186000000004242e+00,4.891423601026498318e+02
6.726674000000002707e+00,4.845353291052107920e+02
6.824162000000001171e+00,4.800032715096706397e+02
6.921651000000004217e+00,4.755448322777443195e+02
7.019139000000002682e+00,4.711588162120208381e+02
7.116627000000001146e+00,4.668439131742148902e+02
7.214114999999999611e+00,4.625988813582330863e+02
7.311603000000005181e+00,4.584225007908780185e+02
7.409091000000003646e+00,4.543135729477644986e+02
7.506579000000002111e+00,4.502709203759890784e+02
7.604067000000000576e+00,4.462933863234421779e+02
7.701554999999999040e+00,4.423798343746387332e+02
7.799043000000004611e+00,4.385291480929565751e+02
7.896531000000003075e+00,4.347402306691705576e+02
7.994019000000001540e+00,4.310120045761663619e+02
8.091507000000000005e+00,4.273434112297321121e+02
8.188995000000005575e+00,4.237334106553162201e+02
8.286483000000004040e+00,4.201809811606491962e+02
8.383971000000002505e+00,4.166851190141225629e+02
8.481459000000000970e+00,4.132448381288286896e+02
8.578946999999999434e+00,4.098591697521575838e+02
8.676435000000005004e+00,4.065271621608555961e+02
8.773923000000003469e+00,4.032478803614486083e+02
8.871411000000001934e+00,4.000204057959348916e+02
8.968899000000000399e+00,3.968438360526567976e+02
9.066386999999998864e+00,3.937172845822586282e+02
9.163875000000004434e+00,3.906398804186416100e+02
9.261363000000002899e+00,3.876107679048284922e+02
9.358851000000001363e+00,3.846291064236500574e+02
9.456340000000004409e+00,3.816940402628773086e+02
9.553828000000002874e+00,3.788048183023045681e+02
9.651316000000001338e+00,3.759606131310467276e+02
9.748803999999999803e+00,3.731606416916991975e+02
9.846292000000005373e+00,3.704041346895233460e+02
9.943780000000003838e+00,3.676903363503408855e+02
1.004126800000000230e+01,3.650185041826854899e+02
1.013875600000000077e+01,3.623879087441417255e+02
1.023624399999999923e+01,3.597978334117926238e+02
1.033373200000000480e+01,3.572475741567066052e+02
1.043122000000000327e+01,3.547364393223924708e+02
1.052870800000000173e+01,3.522637494071498736e+02
1.062619600000000020e+01,3.498288368502514913e+02
1.072368399999999866e+01,3.474310458218851068e+02
1.082117200000000423e+01,3.450697320167917042e+02
1.091866000000000270e+01,3.427442624515348371e+02
1.101614800000000116e+01,3.404540152653349310e+02
1.111363599999999963e+01,3.381983795244091766e+02
1.121112400000000520e+01,3.359767550297522121e+02
1.130861200000000366e+01,3.337885521283006369e+02
1.140610000000000213e+01,3.316331915274164999e+02
1.150358800000000059e+01,3.295101041126376344e+02
1.160107599999999906e+01,3.274187307686323152e+02
1.169856400000000463e+01,3.253585222033047444e+02
1.179605200000000309e+01,3.233289387749952084e+02
1.189354000000000156e+01,3.213294503227188557e+02
1.199102900000000460e+01,3.193595159425815950e+02
1.208851700000000307e+01,3.174186643467050999e+02
1.218600500000000153e+01,3.155063724697320140e+02
1.228349299999999999e+01,3.136221464348161589e+02
1.238098100000000557e+01,3.117655010407453915e+02
1.247846900000000403e+01,3.099359596093316327e+02
1.257595700000000249e+01,3.081330538354843611e+02
1.267344500000000096e+01,3.063563236399227776e+02
1.277093299999999942e+01,3.046053170244786656e+02
1.286842100000000499e+01,3.028795899299452685e+02
1.296590900000000346e+01,3.011787060964268221e+02
1.306339700000000192e+01,2.995022369261444624e+02
1.316088500000000039e+01,2.978497613486566138e+02
1.325837299999999885e+01,2.962208656884502034e+02
1.335586100000000442e+01,2.946151435348608061e+02
1.345334900000000289e+01,2.930321956142822728e+02
1.355083700000000135e+01,2.914716296646234923e+02
1.364832499999999982e+01,2.899330603119744296e+02
1.374581300000000539e+01,2.884161089494418775e+02
1.384330100000000385e+01,2.869204036181168931e+02
1.394078900000000232e+01,2.854455788901360620e+02
1.403827700000000078e+01,2.839912757537999823e+02
1.413576499999999925e+01,2.825571415007136125e+02
1.423325300000000482e+01,2.811428296149110224e+02
1.433074100000000328e+01,2.797479996639318642e+02
1.442822900000000175e+01,2.783723171918130106e+02
1.452571800000000479e+01,2.770154397911122715e+02
1.462320600000000326e+01,2.756770724791281850e+02
1.472069400000000172e+01,2.743568840918375145e+02
1.481818200000000019e+01,2.730545630464035298e+02
1.491566999999999865e+01,2.717698032290313677e+02
1.501315800000000422e+01,2.705023038987706627e+02
1.511064600000000269e+01,2.692517695930103514e+02
1.520813400000000115e+01,2.680179100346354630e+02
1.530562199999999962e+01,2.668004400408181596e+02
1.540311000000000519e+01,2.655990794334124985e+02
1.550059800000000365e+01,2.644135529509269986e+02
1.559808600000000212e+01,2.632435901620439154e+02
1.569557400000000058e+01,2.620889253806614647e+02
1.579306199999999905e+01,2.609492975824302334e+02
1.589055000000000462e+01,2.598244503227576274e+02
1.598803800000000308e+01,2.587141316562554607e+02
1.608552600000000155e+01,2.576180940576039120e+02
1.618301400000000001e+01,2.565360943438084291e+02
1.628050200000000558e+01,2.554678935978237178e+02
1.637799000000000404e+01,2.544132570935221906e+02
1.647547800000000251e+01,2.533719542219811842e+02
1.657296600000000097e+01,2.523437584190684220e+02
1.667045399999999944e+01,2.513284470943002304e+02
1.676794200000000501e+01,2.503258015609521294e+02
1.686543000000000347e+01,2.493356069673986326e+02
1.696291800000000194e+01,2.483576522296608005e+02
1.706040700000000498e+01,2.473917201180397569e+02
1.715789500000000345e+01,2.464376267007234560e+02
1.725538300000000191e+01,2.454951618342834081e+02
1.735287100000000038e+01,2.445641288542626626e+02
1.745035899999999884e+01,2.436443345439771235e+02
1.754784700000000441e+01,2.427355890738768380e+02
1.764533500000000288e+01,2.418377059419753152e+02
1.774282300000000134e+01,2.409505019153254182e+02
1.784031099999999981e+01,2.400737969725258836e+02
1.793779900000000538e+01,2.392074142472390577e+02
1.803528700000000384e+01,2.383511799727021980e+02
1.813277500000000231e+01,2.375049234272147771e+02
1.823026300000000077e+01,2.366684768805852173e+02
1.832775099999999924e+01,2.358416755415194643e+02
1.842523900000000481e+01,2.350243575059351997e+02
1.852272700000000327e+01,2.342163637061856036e+02
1.862021500000000174e+01,2.334175378611756742e+02
1.871770300000000020e+01,2.326277264273570324e+02
1.881519099999999867e+01,2.318467785505842755e+02
1.891267900000000424e+01,2.310745460188182392e+02
1.901016700000000270e+01,2.303108832156619314e+02
1.910765500000000117e+01,2.295556470747131925e+02
1.920514299999999963e+01,2.288086970347205806e+02
1.930263100000000520e+01,2.280698949955285855e+02
1.940011900000000367e+01,2.273391052747974754e+02
1.949760700000000213e+01,2.266161945654844203e+02
1.959509600000000518e+01,2.259010245974654367e+02
1.969258400000000364e+01,2.251934813604349017e+02
1.979007200000000211e+01,2.244934310501460004e+02
1.988756000000000057e+01,2.238007494503442842e+02
1.998504799999999904e+01,2.231153145184390496e+02
2.008253600000000461e+01,2.224370063472798051e+02
2.018002400000000307e+01,2.217657071276054239e+02
2.027751200000000154e+01,2.211013011111535036e+02
2.037500000000000000e+01,2.204436745744192194e+02
2.047248800000000557e+01,2.197927157830512783e+02
2.056997600000000403e+01,2.191483149568746569e+02
2.066746400000000250e+01,2.185103642355281579e+02
2.076495200000000096e+01,2.178787576447070080e+02
2.086243999999999943e+01,2.172533910629989293e+02
2.095992800000000500e+01,2.166341621893038223e+02
2.105741600000000346e+01,2.160209705108268281e+02
2.115490400000000193e+01,2.154137172716337432e+02
2.125239200000000039e+01,2.148123054417604578e+02
2.134987999999999886e+01,2.142166396868653067e+02
2.144736800000000443e+01,2.136266263384154627e+02
2.154485600000000289e+01,2.130421733643978541e+02
2.164234400000000136e+01,2.124631903405452249e+02
2.173983199999999982e+01,2.118895884220684138e+02
2.183732000000000539e+01,2.113212803158859572e+02
2.193480800000000386e+01,2.107581802533425162e+02
2.203229600000000232e+01,2.102002039634064658e+02
2.212978500000000537e+01,2.096472630000855872e+02
2.222727300000000383e+01,2.090992873520386865e+02
2.232476100000000230e+01,2.085561913874394975e+02
2.242224900000000076e+01,2.080178965670538958e+02
2.251973699999999923e+01,2.074843257221708086e+02
2.261722500000000480e+01,2.069554030305073695e+02
2.271471300000000326e+01,2.064310539925389492e+02
2.281220100000000173e+01,2.059112054082444558e+02
2.290968900000000019e+01,2.053957853542615055e+02
2.300717699999999866e+01,2.048847231614430768e+02
2.310466500000000423e+01,2.043779493928092847e+02
2.320215300000000269e+01,2.038753958218868831e+02
2.329964100000000116e+01,2.033769954114296752e+02
2.339712899999999962e+01,2.028826822925133513e+02
2.349461700000000519e+01,2.023923917439983313e+02
2.359210500000000366e+01,2.019060601723536479e+02
2.368959300000000212e+01,2.014236250918356461e+02
2.378708100000000059e+01,2.009450251050157306e+02
2.388456899999999905e+01,2.004701998836504231e+02
2.398205700000000462e+01,1.999990901498877918e+02
2.407954500000000309e+01,1.995316376578051631e+02
2.417703300000000155e+01,1.990677851752706147e+02
2.427452100000000002e+01,1.986074764661244956e+02
2.437200900000000559e+01,1.981506562726736149e+02
2.446949700000000405e+01,1.976972702984942316e+02
2.456698500000000251e+01,1.972472651915367123e+02
2.466447400000000556e+01,1.968005839625591875e+02
2.476196200000000402e+01,1.963571842620493442e+02
2.485945000000000249e+01,1.959170108738206295e+02
2.495693800000000095e+01,1.954800140602461909e+02
2.505442599999999942e+01,1.950461449479532803e+02
2.515191400000000499e+01,1.946153555126352046e+02
2.524940200000000345e+01,1.941875985641300986e+02
2.534689000000000192e+01,1.937628277317620871e+02
2.544437800000000038e+01,1.933409974499408577e+02
2.554186599999999885e+01,1.929220629440139021e+02
2.563935400000000442e+01,1.925059802163680445e+02
2.573684200000000288e+01,1.920927060327753964e+02
2.583433000000000135e+01,1.916821979089794468e+02
2.593181799999999981e+01,1.912744140975169671e+02
2.602930600000000538e+01,1.908693135747720930e+02
2.612679400000000385e+01,1.904668560282579790e+02
2.622428200000000231e+01,1.900670018441218758e+02
2.632177000000000078e+01,1.896697120948704764e+02
2.641925799999999924e+01,1.892749485273110679e+02
2.651674600000000481e+01,1.888826735507043963e+02
2.661423399999999617e+01,1.884928502251267162e+02
2.671172200000000885e+01,1.881054422500356509e+02
2.680921000000000731e+01,1.877204139530381326e+02
2.690669800000000578e+01,1.873377302788550196e+02
2.700418600000000424e+01,1.869573567784804027e+02
2.710167400000000271e+01,1.865792595985315643e+02
2.719916299999999865e+01,1.862034016267895140e+02
2.729665099999999711e+01,1.858297578804138084e+02
2.739413899999999558e+01,1.854582923640166428e+02
2.749162700000000825e+01,1.850889735039096422e+02
2.758911500000000672e+01,1.847217702715219048e+02
2.768660300000000518e+01,1.843566521738255233e+02
2.778409100000000365e+01,1.839935892439297334e+02
2.788157900000000211e+01,1.836325520318402198e+02
2.797906700000000058e+01,1.832735115953814216e+02
2.807655499999999904e+01,1.829164394912780267e+02
2.817404299999999751e+01,1.825613077663936963e+02
2.827153099999999597e+01,1.822080889491237770e+02
2.836901900000000865e+01,1.818567560409393025e+02
2.846650700000000711e+01,1.815072825080802943e+02
2.856399500000000558e+01,1.811596422733940415e+02
2.866148300000000404e+01,1.808138097083182174e+02
2.875897100000000250e+01,1.804697596250042295e+02
2.885645900000000097e+01,1.801274672685792950e+02
2.895394699999999943e+01,1.797869083095448843e+02
2.905143499999999790e+01,1.794480588363083200e+02
2.914892299999999636e+01,1.791108953478464230e+02
2.924641100000000904e+01,1.787753947464974829e+02
2.934389900000000750e+01,1.784415343308809554e+02
2.944138700000000597e+01,1.781092917889405101e+02
2.953887500000000443e+01,1.777786451911105701e+02
2.963636300000000290e+01,1.774495729836021667e+02
2.973385199999999884e+01,1.771220506301195599e+02
2.983133999999999730e+01,1.767960640277457003e+02
2.992882799999999577e+01,1.764715893434008933e+02
3.002631600000000844e+01,1.761486064616002807e+02
3.012380400000000691e+01,1.758270956107976417e+02
3.022129200000000537e+01,1.755070373573492191e+02
3.031878000000000384e+01,1.751884125995845238e+02
3.041626800000000230e+01,1.748712025619811072e+02
3.051375600000000077e+01,1.745553887894419347e+02
3.061124399999999923e+01,1.742409531416731170e+02
3.070873199999999770e+01,1.739278777876607478e+02
3.080621999999999616e+01,1.736161452002452279e+02
3.090370800000000884e+01,1.733057381507899493e+02
3.100119600000000730e+01,1.729966397039453625e+02
3.109868400000000577e+01,1.726888332125034253e+02
3.119617200000000423e+01,1.723823023123438247e+02
3.129366000000000270e+01,1.720770309174684769e+02
3.139114800000000116e+01,1.717730032151235946e+02
3.148863599999999963e+01,1.714702036610073321e+02
3.158612399999999809e+01,1.711686169745618997e+02
3.168361199999999656e+01,1.708682281343486977e+02
3.178109999999999502e+01,1.705690223735039979e+02
3.187858800000000770e+01,1.702709851752755412e+02
3.197607600000000616e+01,1.699741022686371252e+02
3.207356400000000463e+01,1.696783596239800715e+02
3.217105200000000309e+01,1.693837434488811198e+02
3.226854099999999903e+01,1.690902371789460403e+02
3.236602899999999750e+01,1.687978335049291161e+02
3.246351699999999596e+01,1.685065163049629575e+02
3.256100500000000864e+01,1.682162726945122984e+02
3.265849300000000710e+01,1.679270900061558223e+02
3.275598100000000557e+01,1.676389557857805812e+02
3.285346900000000403e+01,1.673518577888443701e+02
3.295095700000000249e+01,1.670657839767033579e+02
3.304844500000000096e+01,1.667807225130040365e+02
3.314593299999999942e+01,1.664966617601391476e+02
3.324342099999999789e+01,1.662135902757656254e+02
3.334090899999999635e+01,1.659314968093839866e+02
3.343839700000000903e+01,1.656503702989774069e+02
3.353588500000000749e+01,1.653701998677106815e+02
3.363337300000000596e+01,1.650909748206864549e+02
3.373086100000000442e+01,1.648126846417589206e+02
3.382834900000000289e+01,1.645353189904036526e+02
3.392583700000000135e+01,1.642588676986420353e+02
3.402332499999999982e+01,1.639833207680202349e+02
3.412081299999999828e+01,1.637086683666410636e+02
3.421830099999999675e+01,1.634349008262480538e+02
3.431578899999999521e+01,1.631620086393609483e+02
3.441327700000000789e+01,1.628899824564612686e+02
3.451076500000000635e+01,1.626188130832278773e+02
3.460825300000000482e+01,1.623484914778204882e+02
3.470574100000000328e+01,1.620790087482115496e+02
3.480322999999999922e+01,1.618103533980424231e+02
3.490071799999999769e+01,1.615425223385205697e+02
3.499820599999999615e+01,1.612755043515196860e+02
3.509569400000000883e+01,1.610092911185066384e+02
3.519318200000000729e+01,1.607438744581069159e+02
3.529067000000000576e+01,1.604792463237051834e+02
3.538815800000000422e+01,1.602153988010889520e+02
3.548564600000000269e+01,1.599523241061329770e+02
3.558313400000000115e+01,1.596900145825249524e+02
3.568062199999999962e+01,1.594284626995306837e+02
3.577810999999999808e+01,1.591676610497989088e+02
3.587559799999999655e+01,1.589076023472045165e+02
3.597308600000000922e+01,1.586482794247298216e+02
3.607057400000000769e+01,1.583896852323831297e+02
3.616806200000000615e+01,1.581318128351535961e+02
3.626555000000000462e+01,1.578746554110023794e+02
3.636303800000000308e+01,1.576182062488889812e+02
3.646052600000000155e+01,1.573624587468323170e+02
3.655801400000000001e+01,1.571074064100058933e+02
3.665550199999999847e+01,1.568530428488662665e+02
3.675298999999999694e+01,1.565993617773147548e+02
3.685047799999999540e+01,1.563463570108912961e+02
3.694796600000000808e+01,1.560940224649998527e+02
3.704545400000000654e+01,1.558423521531655922e+02
3.714294200000000501e+01,1.555913401853219398e+02
3.724043000000000347e+01,1.553409807661284674e+02
3.733791899999999941e+01,1.550912656351461862e+02
3.743540699999999788e+01,1.548421943044493219e+02
3.753289499999999634e+01,1.545937586882971004e+02
3.763038300000000902e+01,1.543459533540134032e+02
3.772787100000000748e+01,1.540987729556693182e+02
3.782535900000000595e+01,1.538522122325705652e+02
3.792284700000000441e+01,1.536062660077714384e+02
3.802033500000000288e+01,1.533609291866149533e+02
3.811782300000000134e+01,1.531161967552987733e+02
3.821531099999999981e+01,1.528720637794659467e+02
3.831279899999999827e+01,1.526285254028208271e+02
3.841028699999999674e+01,1.523855768457692363e+02
3.850777499999999520e+01,1.521432134040822746e+02
3.860526300000000788e+01,1.519014304475839197e+02
3.870275100000000634e+01,1.516602234188617331e+02
3.880023900000000481e+01,1.514195878319996211e+02
3.889772700000000327e+01,1.511795192713338736e+02
3.899521500000000174e+01,1.509400133902301206e+02
3.909270300000000020e+01,1.507010659098824590e+02
3.919019099999999867e+01,1.504626726181330412e+02
3.928767899999999713e+01,1.502248293683132658e+02
3.938516699999999560e+01,1.499875320781044934e+02
3.948265500000000827e+01,1.497507767284191971e+02
3.958014300000000674e+01,1.495145593623019522e+02
3.967763100000000520e+01,1.492788760838491271e+02
3.977511900000000367e+01,1.490437230571482701e+02
3.987260799999999961e+01,1.488090941012007420e+02
3.997009599999999807e+01,1.485749903103807412e+02
4.006758399999999654e+01,1.483414056131526024e+02
4.016507200000000921e+01,1.481083364033271152e+02
4.026256000000000768e+01,1.478757791296747257e+02
4.036004800000000614e+01,1.476437302949715047e+02
4.045753600000000461e+01,1.474121864550619421e+02
4.055502400000000307e+01,1.471811442179385949e+02
4.065251200000000154e+01,1.469506002428372256e+02
4.075000000000000000e+01,1.467205512393485662e+02
4.084748799999999846e+01,1.464909939665450338e+02
4.094497599999999693e+01,1.462619252321235024e+02
4.104246399999999539e+01,1.460333418915622872e+02
4.113995200000000807e+01,1.458052408472936179e+02
4.123744000000000653e+01,1.455776190478906074e+02
4.133492800000000500e+01,1.453504734872679478e+02
4.143241600000000346e+01,1.451238012038972158e+02
4.152990400000000193e+01,1.448975992800358199e+02
4.162739200000000039e+01,1.446718648409693060e+02
4.172487999999999886e+01,1.444465950542671919e+02
4.182236799999999732e+01,1.442217871290517621e+02
4.191985599999999579e+01,1.439974383152797657e+02
4.201734400000000846e+01,1.437735459030367622e+02
4.211483200000000693e+01,1.435501072218436036e+02
4.221232000000000539e+01,1.433271196399755354e+02
4.230980800000000386e+01,1.431045805637927799e+02
4.240729699999999980e+01,1.428824851612033626e+02
4.250478499999999826e+01,1.426608354690729072e+02
4.260227299999999673e+01,1.424396267236774065e+02
4.269976099999999519e+01,1.422188564772582140e+02
4.279724900000000787e+01,1.419985223169680637e+02
4.289473700000000633e+01,1.417786218642695530e+02
4.299222500000000480e+01,1.415591527743439428e+02
4.308971300000000326e+01,1.413401127355103597e+02
4.318720100000000173e+01,1.411214994686552018e+02
4.328468900000000019e+01,1.409033107266718901e+02
4.338217699999999866e+01,1.406855442939099987e+02
4.347966499999999712e+01,1.404681979856341911e+02
4.357715299999999559e+01,1.402512696474927623e+02
4.367464100000000826e+01,1.400347571549955887e+02
4.377212900000000673e+01,1.398186584130010033e+02
4.386961700000000519e+01,1.396029713552117641e+02
4.396710500000000366e+01,1.393876939436799489e+02
4.406459300000000212e+01,1.391728241683204601e+02
4.416208100000000059e+01,1.389583600464331141e+02
4.425956899999999905e+01,1.387442996222331715e+02
4.435705699999999752e+01,1.385306409663899387e+02
4.445454499999999598e+01,1.383173821755736128e+02
4.455203300000000866e+01,1.381045213720100264e+02
4.464952100000000712e+01,1.378920567030433517e+02
4.474700900000000559e+01,1.376799863407061366e+02
4.484449700000000405e+01,1.374683084812971288e+02
4.494198599999999999e+01,1.372570191796503707e+02
4.503947399999999845e+01,1.370461210139737318e+02
4.513696199999999692e+01,1.368356100815900334e+02
4.523444999999999538e+01,1.366254846717876035e+02
4.533193800000000806e+01,1.364157430961184616e+02
4.542942600000000652e+01,1.362063836880188887e+02
4.552691400000000499e+01,1.359974048024361650e+02
4.562440200000000345e+01,1.357888048154622709e+02
4.572189000000000192e+01,1.355805821239738123e+02
4.581937800000000038e+01,1.353727351452783978e+02
4.591686599999999885e+01,1.351652623167669560e+02
4.601435399999999731e+01,1.349581620955724190e+02
4.611184199999999578e+01,1.347514329582343748e+02
4.620933000000000845e+01,1.345450734003693469e+02
4.630681800000000692e+01,1.343390819363472417e+02
4.640430600000000538e+01,1.341334570989731105e+02
4.650179400000000385e+01,1.339281974391745962e+02
4.659928200000000231e+01,1.337233015256950637e+02
4.669677000000000078e+01,1.335187679447919606e+02
4.679425799999999924e+01,1.333145952999402368e+02
4.689174599999999771e+01,1.331107822115414479e+02
4.698923399999999617e+01,1.329073273166375770e+02
4.708672200000000885e+01,1.327042292686299163e+02
4.718421000000000731e+01,1.325014867370031766e+02
4.728169800000000578e+01,1.322990984070539753e+02
4.737918600000000424e+01,1.320970629796245248e+02
4.747667500000000018e+01,1.318953771038330274e+02
4.757416299999999865e+01,1.316940436484339330e+02
4.767165099999999711e+01,1.314930592887455134e+02
4.776913899999999558e+01,1.312924227852189745e+02
4.786662700000000825e+01,1.310921329125868340e+02
4.796411500000000672e+01,1.308921884596234406e+02
4.806160300000000518e+01,1.306925882289091021e+02
4.815909100000000365e+01,1.304933310365988461e+02
4.825657900000000211e+01,1.302944157121953310e+02
4.835406700000000058e+01,1.300958410983251667e+02
4.845155499999999904e+01,1.298976060505197268e+02
4.854904299999999751e+01,1.296997094369993988e+02
4.864653099999999597e+01,1.295021501384619853e+02
4.874401900000000865e+01,1.293049270478742585e+02
4.884150700000000711e+01,1.291080390702680063e+02
4.893899500000000558e+01,1.289114851225386076e+02
4.903648300000000404e+01,1.287152641332481267e+02
4.913397100000000250e+01,1.285193750424310508e+02
4.923145900000000097e+01,1.283238168014040639e+02
4.932894699999999943e+01,1.281285883725786618e+02
4.942643499999999790e+01,1.279336887292774350e+02
4.952392299999999636e+01,1.277391168555532062e+02
4.962141100000000904e+01,1.275448717460115660e+02
4.971889900000000750e+01,1.273509524056365905e+02
4.981638700000000597e+01,1.271573578496192880e+02
4.991387500000000443e+01,1.269640871031892999e+02
5.001136400000000037e+01,1.267711372239056260e+02
5.010885199999999884e+01,1.265785112149665537e+02
5.020633999999999730e+01,1.263862061498861920e+02
5.030382799999999577e+01,1.261942210924232768e+02
5.040131600000000844e+01,1.260025551155765129e+02
5.049880400000000691e+01,1.258112073014331855e+02
5.059629200000000537e+01,1.256201767410201882e+02
5.069378000000000384e+01,1.254294625341579206e+02
5.079126800000000230e+01,1.252390637893165604e+02
5.088875600000000077e+01,1.250489796234750486e+02
5.098624399999999923e+01,1.248592091619822781e+02
5.108373199999999770e+01,1.246697515384209538e+02
5.118121999999999616e+01,1.244806058944735838e+02
5.127870800000000884e+01,1.242917713797910295e+02
5.137619600000000730e+01,1.241032471518633713e+02
5.147368400000000577e+01,1.239150323758926930e+02
5.157117200000000423e+01,1.237271262246684813e+02
5.166866000000000270e+01,1.235395278784449999e+02
5.176614800000000116e+01,1.233522365248208530e+02
5.186363599999999963e+01,1.231652513586206510e+02
5.196112399999999809e+01,1.229785715817786951e+02
5.205861199999999656e+01,1.227921964032247217e+02
5.215609999999999502e+01,1.226061250387716939e+02
5.225358800000000770e+01,1.224203567110054820e+02
5.235107600000000616e+01,1.222348906491765490e+02
5.244856400000000463e+01,1.220497260890933262e+02
5.254605300000000057e+01,1.218648603782851012e+02
5.264354099999999903e+01,1.216802965579030342e+02
5.274102899999999750e+01,1.214960319849955823e+02
5.283851699999999596e+01,1.213120659205753356e+02
5.293600500000000864e+01,1.211283976317076707e+02
5.303349300000000710e+01,1.209450263914150554e+02
5.313098100000000557e+01,1.207619514785827732e+02
5.322846900000000403e+01,1.205791721778664680e+02
5.332595700000000249e+01,1.203966877796012511e+02
5.342344500000000096e+01,1.202144975797123863e+02
5.352093299999999942e+01,1.200326008796275516e+02
5.361842099999999789e+01,1.198509969861904665e+02
5.371590899999999635e+01,1.196696852115763932e+02
5.381339700000000903e+01,1.194886648732086485e+02
5.391088500000000749e+01,1.193079352936769908e+02
5.400837300000000596e+01,1.191274958006570586e+02
5.410586100000000442e+01,1.189473457268314860e+02
5.420334900000000289e+01,1.187674844098122833e+02
5.430083700000000135e+01,1.185879111920644817e+02
5.439832499999999982e+01,1.184086254208313704e+02
5.449581299999999828e+01,1.182296264480606141e+02
5.459330099999999675e+01,1.180509136303321753e+02
5.469078899999999521e+01,1.178724863287869482e+02
5.478827700000000789e+01,1.176943439090570394e+02
5.488576500000000635e+01,1.175164857411971724e+02
5.498325300000000482e+01,1.173389111996170300e+02
5.508074200000000076e+01,1.171616178458659618e+02
5.517822999999999922e+01,1.169846087000579473e+02
5.527571799999999769e+01,1.168078813292258360e+02
5.537320599999999615e+01,1.166314351245481618e+02
5.547069400000000883e+01,1.164552694812384033e+02
5.556818200000000729e+01,1.162793837984842469e+02
5.566567000000000576e+01,1.161037774793878299e+02
5.576315800000000422e+01,1.159284499309071776e+02
5.586064600000000269e+01,1.157534005637984791e+02
5.595813400000000115e+01,1.155786287925595843e+02
5.605562199999999962e+01,1.154041340353742129e+02
5.615310999999999808e+01,1.152299157140573413e+02
5.625059799999999655e+01,1.150559732540014579e+02
5.634808600000000922e+01,1.148823060841236554e+02
5.644557400000000769e+01,1.147089136368139037e+02
5.654306200000000615e+01,1.145357953478838908e+02
5.664055000000000462e+01,1.143629506565169578e+02
5.673803800000000308e+01,1.141903790052188299e+02
5.683552600000000155e+01,1.140180798397692570e+02
5.693301400000000001e+01,1.138460526091744214e+02
5.703050199999999847e+01,1.136742967656201273e+02
5.712798999999999694e+01,1.135028117644259567e+02
5.722547799999999540e+01,1.133315970640000927e+02
5.732296600000000808e+01,1.131606521257949112e+02
5.742045400000000654e+01,1.129899764142634524e+02
5.751794200000000501e+01,1.128195693968165045e+02
5.761543100000000095e+01,1.126494287999253885e+02
5.771291899999999941e+01,1.124795575872436899e+02
5.781040699999999788e+01,1.123099534882026092e+02
5.790789499999999634e+01,1.121406159816301340e+02
5.800538300000000902e+01,1.119715445491085433e+02
5.810287100000000748e+01,1.118027386749359806e+02
5.820035900000000595e+01,1.116341978460881847e+02
5.829784700000000441e+01,1.114659215521815128e+02
5.839533500000000288e+01,1.112979092854361767e+02
5.849282300000000134e+01,1.111301605406401336e+02
5.859031099999999981e+01,1.109626748151138145e+02
5.868779899999999827e+01,1.107954516086752648e+02
5.878528699999999674e+01,1.106284904236059532e+02
5.888277499999999520e+01,1.104617907646171346e+02
5.898026300000000788e+01,1.102953521388169094e+02
5.907775100000000634e+01,1.101291740556776375e+02
5.917523900000000481e+01,1.099632560270041068e+02
5.927272700000000327e+01,1.097975975669020983e+02
5.937021500000000174e+01,1.096321981917476762e+02
5.946770300000000020e+01,1.094670574201567064e+02
5.956519099999999867e+01,1.093021747729552686e+02
5.966267899999999713e+01,1.091375497731502122e+02
5.976016699999999560e+01,1.089731819459005351e+02
5.985765500000000827e+01,1.088090708184889621e+02
5.995514300000000674e+01,1.086452159202942767e+02
6.005263100000000520e+01,1.084816167827638793e+02
6.015012000000000114e+01,1.083182712651671267e+02
6.024760799999999961e+01,1.081551822540599659e+02
6.034509599999999807e+01,1.079923476101003672e+02
6.044258399999999654e+01,1.078297668727463474e+02
6.054007200000000921e+01,1.076674395833948239e+02
6.063756000000000768e+01,1.075053652853570156e+02
6.073504800000000614e+01,1.073435435238340858e+02
6.083253600000000461e+01,1.071819738458933671e+02
6.093002400000000307e+01,1.070206558004449562e+02
6.102751200000000154e+01,1.068595889382187778e+02
6.112500000000000000e+01,1.066987728117417760e+02
6.122248799999999846e+01,1.065382069753158447e+02
6.131997599999999693e+01,1.063778909849959149e+02
6.141746399999999539e+01,1.062178243985683963e+02
6.151495200000000807e+01,1.060580067755301030e+02
6.161244000000000653e+01,1.058984376770675340e+02
6.170992800000000500e+01,1.057391166660363382e+02
6.180741600000000346e+01,1.055800433069413202e+02
6.190490400000000193e+01,1.054212171659166444e+02
6.200239200000000039e+01,1.052626378107064795e+02
6.209987999999999886e+01,1.051043048106458997e+02
6.219736799999999732e+01,1.049462177366421116e+02
6.229485599999999579e+01,1.047883761611560658e+02
6.239234400000000846e+01,1.046307796581842524e+02
6.248983200000000693e+01,1.044734278032410231e+02
6.258732000000000539e+01,1.043163201733407988e+02
6.268480900000000133e+01,1.041594547391723466e+02
6.278229699999999980e+01,1.040028342988111802e+02
6.287978499999999826e+01,1.038464568233627432e+02
6.297727299999999673e+01,1.036903218956731223e+02
6.307476099999999519e+01,1.035344291000051413e+02
6.317224900000000787e+01,1.033787780220227859e+02
6.326973700000000633e+01,1.032233682487755857e+02
6.336722500000000480e+01,1.030681993686832385e+02
6.346471300000000326e+01,1.029132709715205465e+02
6.356220100000000173e+01,1.027585826484026370e+02
6.365968900000000019e+01,1.026041339917704960e+02
6.375717699999999866e+01,1.024499245953765154e+02
6.385466499999999712e+01,1.022959540542704673e+02
6.395215299999999559e+01,1.021422219647856622e+02
6.404964100000000826e+01,1.019887279245253637e+02
6.414712900000000673e+01,1.018354715323493878e+02
6.424461700000000519e+01,1.016824523883608578e+02
6.434210500000000366e+01,1.015296700938933583e+02
6.443959300000000212e+01,1.013771242514981878e+02
6.453708100000000059e+01,1.012248144649317396e+02
6.463456899999999905e+01,1.010727403391432802e+02
6.473205699999999752e+01,1.009209014802628559e+02
6.482954499999999598e+01,1.007692974955892709e+02
6.492703300000000866e+01,1.006179279935784194e+02
6.502452100000000712e+01,1.004667925838318183e+02
6.512200900000000559e+01,1.003158908770852378e+02
6.521949800000000153e+01,1.001652209408856606e+02
6.531698599999999999e+01,1.000147854792148365e+02
6.541447399999999845e+01,9.986458255944202733e+01
6.551196199999999692e+01,9.971461179673015351e+01
6.560944999999999538e+01,9.956487280732250156e+01
6.570693800000000806e+01,9.941536520853225056e+01
6.580442600000000652e+01,9.926608861873262413e+01
6.590191400000000499e+01,9.911704265734667274e+01
6.599940200000000345e+01,9.896822694483772409e+01
6.609689000000000192e+01,9.881964110269963442e+01
6.619437800000000038e+01,9.867128475344736671e+01
6.629186599999999885e+01,9.852315752060769682e+01
6.638935399999999731e+01,9.837525902871004746e+01
6.648684199999999578e+01,9.822758890327746428e+01
6.658433000000000845e+01,9.808014677081770571e+01
6.668181800000000692e+01,9.793293225881470221e+01
6.677930600000000538e+01,9.778594499571974552e+01
6.687679400000000385e+01,9.763918461094313272e+01
6.697428200000000231e+01,9.749265073484596655e+01
6.707177000000000078e+01,9.734634299873178520e+01
6.716925799999999924e+01,9.720026103483866109e+01
6.726674599999999771e+01,9.705440447633122858e+01
6.736423399999999617e+01,9.690877295729293905e+01
6.746172200000000885e+01,9.676336611271824495e+01
6.755921000000000731e+01,9.661818357850532379e+01
6.765669800000000578e+01,9.647322499144841856e+01
6.775418700000000172e+01,9.632848850573181210e+01
6.785167500000000018e+01,9.618397672920569619e+01
6.794916299999999865e+01,9.603968781551900236e+01
6.804665099999999711e+01,9.589562140497865528e+01
6.814413899999999558e+01,9.575177713875228847e+01
6.824162700000000825e+01,9.560815465886155096e+01
6.833911500000000672e+01,9.546475360817547084e+01
6.843660300000000518e+01,9.532157363040384723e+01
6.853409100000000365e+01,9.517861437009088377e+01
6.863157900000000211e+01,9.503587547260879376e+01
6.872906700000000058e+01,9.489335658415163266e+01
6.882655499999999904e+01,9.475105735172905952e+01
6.892404299999999751e+01,9.460897742316041104e+01
6.902153099999999597e+01,9.446711644706860511e+01
6.911901900000000865e+01,9.432547407287445651e+01
6.921650700000000711e+01,9.418404995079075093e+01
6.931399500000000558e+01,9.404284373181664591e+01
6.941148300000000404e+01,9.390185506773202917e+01
6.950897100000000250e+01,9.376108361109207578e+01
6.960645900000000097e+01,9.362052901522174864e+01
6.970394699999999943e+01,9.348019093421052617e+01
6.980143499999999790e+01,9.334006902290711594e+01
6.989892299999999636e+01,9.320016293691418241e+01
6.999641100000000904e+01,9.306047233258345841e+01
7.009389900000000750e+01,9.292099686701057237e+01
7.019138700000000597e+01,9.278173619803007455e+01
7.028887600000000191e+01,9.264268855901882205e+01
7.038636400000000037e+01,9.250385646185296196e+01
7.048385199999999884e+01,9.236523813916515735e+01
7.058133999999999730e+01,9.222683325169791146e+01
7.067882799999999577e+01,9.208864146090898828e+01
7.077631600000000844e+01,9.195066242896697872e+01
7.087380400000000691e+01,9.181289581874686689e+01
7.097129200000000537e+01,9.167534129382552521e+01
7.106878000000000384e+01,9.153799851847755065e+01
7.116626800000000230e+01,9.140086715767087355e+01
7.126375600000000077e+01,9.126394687706260811e+01
7.136124399999999923e+01,9.112723734299500222e+01
7.145873199999999770e+01,9.099073822249120269e+01
7.155621999999999616e+01,9.085444918325138985e+01
7.165370800000000884e+01,9.071836989364872750e+01
7.175119600000000730e+01,9.058250002272549750e+01
7.184868400000000577e+01,9.044683924018927712e+01
7.194617200000000423e+01,9.031138721640911626e+01
7.204366000000000270e+01,9.017614362241181425e+01
7.214114800000000116e+01,9.004110812987828183e+01
7.223863599999999963e+01,8.990628041113986058e+01
7.233612399999999809e+01,8.977166013917477017e+01
7.243361199999999656e+01,8.963724698760458409e+01
7.253109999999999502e+01,8.950304063069077642e+01
7.262858800000000770e+01,8.936904074333121173e+01
7.272607600000000616e+01,8.923524700105697605e+01
7.282356500000000210e+01,8.910165771078214902e+01
7.292105300000000057e+01,8.896827528989352629e+01
7.301854099999999903e+01,8.883509804444533131e+01
7.311602899999999750e+01,8.870212565246808367e+01
7.321351699999999596e+01,8.856935779260918196e+01
7.331100500000000864e+01,8.843679414412981998e+01
7.340849300000000710e+01,8.830443438690198832e+01
7.350598100000000557e+01,8.817227820140526262e+01
7.360346900000000403e+01,8.804032526872406095e+01
7.370095700000000249e+01,8.790857527054456000e+01
7.379844500000000096e+01,8.777702788915182452e+01
7.389593299999999942e+01,8.764568280742696516e+01
7.399342099999999789e+01,8.751453970884436728e+01
7.409090899999999635e+01,8.738359827746876363e+01
7.418839700000000903e+01,8.725285819795263365e+01
7.428588500000000749e+01,8.712231915553350348e+01
7.438337300000000596e+01,8.699198083603110376e+01
7.448086100000000442e+01,8.686184292584486855e+01
7.457834900000000289e+01,8.673190511195141994e+01
7.467583700000000135e+01,8.660216708190171175e+01
7.477332499999999982e+01,8.647262852381884102e+01
7.487081299999999828e+01,8.634328912639520581e+01
7.496830099999999675e+01,8.621414857889038785e+01
7.506578899999999521e+01,8.608520657112838137e+01
7.516327700000000789e+01,8.595646279349541885e+01
7.526076500000000635e+01,8.582791693693752677e+01
7.535825400000000229e+01,8.569956737741632935e+01
7.545574200000000076e+01,8.557141644009629999e+01
7.555322999999999922e+01,8.544346250002156751e+01
7.565071799999999769e+01,8.531570525035417063e+01
7.574820599999999615e+01,8.518814438480438866e+01
7.584569400000000883e+01,8.506077959762872354e+01
7.594318200000000729e+01,8.493361058362769711e+01
7.604067000000000576e+01,8.480663703814354903e+01
7.613815800000000422e+01,8.467985865705830406e+01
7.623564600000000269e+01,8.455327513679158358e+01
7.633313400000000115e+01,8.442688617429857345e+01
7.643062199999999962e+01,8.430069146706789240e+01
7.652810999999999808e+01,8.417469071311968776e+01
7.662559799999999655e+01,8.404888361100361749e+01
7.672308600000000922e+01,8.392326985979678966e+01
7.682057400000000769e+01,8.379784915910195764e+01
7.691806200000000615e+01,8.367262120904541689e+01
7.701555000000000462e+01,8.354758571027531389e+01
7.711303800000000308e+01,8.342274236395954290e+01
7.721052600000000155e+01,8.329809087178404070e+01
7.730801400000000001e+01,8.317363093595093915e+01
7.740550199999999847e+01,8.304936225917666093e+01
7.750298999999999694e+01,8.292528454469020005e+01
7.760047799999999540e+01,8.280139749623137391e+01
7.769796600000000808e+01,8.267770081804893323e+01
7.779545400000000654e+01,8.255419421489898468e+01
7.789294300000000248e+01,8.243087612807194375e+01
7.799043100000000095e+01,8.230774879321801052e+01
7.808791899999999941e+01,8.218481065068849034e+01
7.818540699999999788e+01,8.206206140725163323e+01
7.828289499999999634e+01,8.193950077017463229e+01
7.838038300000000902e+01,8.181712844722191846e+01
7.847787100000000748e+01,8.169494414665366833e+01
7.857535900000000595e+01,8.157294757722404199e+01
7.867284700000000441e+01,8.145113844817974780e+01
7.877033500000000288e+01,8.132951646925852174e+01
7.886782300000000134e+01,8.120808135068740796e+01
7.896531099999999981e+01,8.108683280318139452e+01
7.906279899999999827e+01,8.096577053794187862e+01
7.916028699999999674e+01,8.084489426665517442e+01
7.925777499999999520e+01,8.072420370149094992e+01
7.935526300000000788e+01,8.060369855510089110e+01
7.945275100000000634e+01,8.048337854061725238e+01
7.955023900000000481e+01,8.036324337165129350e+01
7.964772700000000327e+01,8.024329276229198626e+01
7.974521500000000174e+01,8.012352642710459349e+01
7.984270300000000020e+01,8.000394408112926214e+01
7.994019099999999867e+01,7.988454543987958800e+01
8.003767899999999713e+01,7.976533021934142198e+01
8.013516699999999560e+01,7.964629813597133534e+01
8.023265500000000827e+01,7.952744890669541178e+01
8.033014300000000674e+01,7.940878224890789738e+01
8.042763200000000268e+01,7.929029666602991711e+01
8.052512000000000114e+01,7.917199430713344555e+01
8.062260799999999961e+01,7.905387367470100912e+01
8.072009599999999807e+01,7.893593448798647216e+01
8.081758399999999654e+01,7.881817646670543809e+01
8.091507200000000921e+01,7.870059933103388516e+01
8.101256000000000768e+01,7.858320280160722859e+01
8.111004800000000614e+01,7.846598659951867205e+01
8.120753600000000461e+01,7.834895044631839767e+01
8.130502400000000307e+01,7.823209406401207389e+01
8.140251200000000154e+01,7.811541717505981808e+01
8.150000000000000000e+01,7.799891950237490335e+01
8.159748799999999846e+01,7.788260076932270692e+01
8.169497599999999693e+01,7.776646069971948805e+01
8.179246399999999539e+01,7.765049901783120845e+01
8.188995200000000807e+01,7.753471544837238127e+01
8.198744000000000653e+01,7.741910971650504791e+01
8.208492800000000500e+01,7.730368154783755585e+01
8.218241600000000346e+01,7.718843066842340761e+01
8.227990400000000193e+01,7.707335680476028017e+01
8.237739200000000039e+01,7.695845968378885971e+01
8.247487999999999886e+01,7.684373903289174734e+01
8.257236799999999732e+01,7.672919457989233649e+01
8.266985599999999579e+01,7.661482605305391758e+01
8.276734400000000846e+01,7.650063318107838484e+01
8.286483200000000693e+01,7.638661569310538368e+01
8.296232100000000287e+01,7.627277215185056036e+01
8.305980900000000133e+01,7.615910462283902405e+01
8.315729699999999980e+01,7.604561166786170645e+01
8.325478499999999826e+01,7.593229301779852847e+01
8.335227299999999673e+01,7.581914840396193256e+01
8.344976099999999519e+01,7.570617755809591642e+01
8.354724900000000787e+01,7.559338021237493876e+01
8.364473700000000633e+01,7.548075609940310926e+01
8.374222500000000480e+01,7.536830495221298065e+01
8.383971300000000326e+01,7.525602650426471030e+01
8.393720100000000173e+01,7.514392048944513647e+01
8.403468900000000019e+01,7.503198664206661306e+01
8.413217699999999866e+01,7.492022469686635588e+01
8.422966499999999712e+01,7.480863438900516371e+01
8.432715299999999559e+01,7.469721545406677876e+01
8.442464100000000826e+01,7.458596762805672142e+01
8.452212900000000673e+01,7.447489064740149445e+01
8.461961700000000519e+01,7.436398424894767345e+01
8.471710500000000366e+01,7.425324816996084110e+01
8.481459300000000212e+01,7.414268214812483393e+01
8.491208100000000059e+01,7.403228592154081866e+01
8.500956899999999905e+01,7.392205922872629742e+01
8.510705699999999752e+01,7.381200180861434035e+01
8.520454499999999598e+01,7.370211340055257665e+01
8.530203300000000866e+01,7.359239374430242719e+01
8.539952100000000712e+01,7.348284258003816660e+01
8.549701000000000306e+01,7.337345852719374761e+01
8.559449800000000153e+01,7.326424357079295646e+01
8.569198599999999999e+01,7.315519632936681660e+01
8.578947399999999845e+01,7.304631654473244851e+01
8.588696199999999692e+01,7.293760395911557737e+01
8.598444999999999538e+01,7.282905831514963779e+01
8.608193800000000806e+01,7.272067935587502063e+01
8.617942600000000652e+01,7.261246682473810665e+01
8.627691400000000499e+01,7.250442046559061282e+01
8.637440200000000345e+01,7.239654002268864019e+01
8.647189000000000192e+01,7.228882524069183546e+01
8.656937800000000038e+01,7.218127586466273726e+01
8.666686599999999885e+01,7.207389164006580984e+01
8.676435399999999731e+01,7.196667231276670407e+01
8.686184199999999578e+01,7.185961762903147587e+01
8.695933000000000845e+01,7.175272733552570514e+01
8.705681800000000692e+01,7.164600117931389889e+01
8.715430600000000538e+01,7.153943890785842541e+01
8.725179400000000385e+01,7.143304026901900272e+01
8.734928200000000231e+01,7.132680501105171800e+01
8.744677000000000078e+01,7.122073288260838808e+01
8.754425799999999924e+01,7.111482363273573526e+01
8.764174599999999771e+01,7.100907701087459145e+01
8.773923399999999617e+01,7.090349276685920188e+01
8.783672200000000885e+01,7.079807065091645768e+01
8.793421000000000731e+01,7.069281041366511431e+01
8.803169900000000325e+01,7.058771072887606124e+01
8.812918700000000172e+01,7.048277350408163500e+01
8.822667500000000018e+01,7.037799741217602900e+01
8.832416299999999865e+01,7.027338220533810897e+01
8.842165099999999711e+01,7.016892763613479644e+01
8.851913899999999558e+01,7.006463345752048610e+01
8.861662700000000825e+01,6.996049942283623579e+01
8.871411500000000672e+01,6.985652528580921228e+01
8.881160300000000518e+01,6.975271080055166806e+01
8.890909100000000365e+01,6.964905572156054347e+01
8.900657900000000211e+01,6.954555980371650037e+01
8.910406700000000058e+01,6.944222280228339628e+01
8.920155499999999904e+01,6.933904447290746020e+01
8.929904299999999751e+01,6.923602457161662471e+01
8.939653099999999597e+01,6.913316285481984380e+01
8.949401900000000865e+01,6.903045907930638236e+01
8.959150700000000711e+01,6.892791300224507722e+01
8.968899500000000558e+01,6.882552438118374027e+01
8.978648300000000404e+01,6.872329297404837689e+01
8.988397100000000250e+01,6.862121853914251801e+01
8.998145900000000097e+01,6.851930083514660907e+01
9.007894699999999943e+01,6.841753962111722842e+01
9.017643499999999790e+01,6.831593465648649044e+01
9.027392299999999636e+01,6.821448570106130660e+01
9.037141100000000904e+01,6.811319251502274597e+01
9.046889900000000750e+01,6.801205485892540992e+01
9.056638799999998923e+01,6.791107145864825156e+01
9.066387600000001612e+01,6.781024414717686000e+01
9.076136400000001458e+01,6.770957164954219820e+01
9.085885200000001305e+01,6.760905372778616140e+01
9.095634000000001151e+01,6.750869014432075232e+01
9.105382800000000998e+01,6.740848066192758381e+01
9.115131600000000844e+01,6.730842504375709723e+01
9.124880400000000691e+01,6.720852305332799403e+01
9.134629200000000537e+01,6.710877445452651102e+01
9.144378000000000384e+01,6.700917901160583767e+01
9.154126800000000230e+01,6.690973648918549088e+01
9.163875600000000077e+01,6.681044665225060442e+01
9.173624399999999923e+01,6.671130926615134626e+01
9.183373199999999770e+01,6.661232409660226494e+01
9.193121999999999616e+01,6.651349090968166422e+01
9.202870799999999463e+01,6.641480947183097783e+01
9.212619599999999309e+01,6.631627954985410156e+01
9.222368399999999156e+01,6.621790091091685326e+01
9.232117199999999002e+01,6.611967332254626228e+01
9.241865999999998849e+01,6.602159655262998683e+01
9.251614800000001537e+01,6.592367036941566028e+01
9.261363600000001384e+01,6.582589454151039376e+01
9.271112400000001230e+01,6.572826883788002306e+01
9.280861200000001077e+01,6.563079302784849745e+01
9.290610000000000923e+01,6.553346688109738238e+01
9.300358800000000770e+01,6.543629016766516315e+01
9.310107700000000364e+01,6.533926166343468367e+01
9.319856500000000210e+01,6.524238312970739173e+01
9.329605300000000057e+01,6.514565334154769971e+01
9.339354099999999903e+01,6.504907207041583206e+01
9.349102899999999750e+01,6.495263908812590614e+01
9.358851699999999596e+01,6.485635416684540644e+01
9.368600499999999442e+01,6.476021707909451663e+01
9.378349299999999289e+01,6.466422759774559381e+01
9.388098099999999135e+01,6.456838549602254318e+01
9.397846899999998982e+01,6.447269054750022121e+01
9.407595699999998828e+01,6.437714252610383880e+01
9.417344500000001517e+01,6.428174120610839282e+01
9.427093300000001364e+01,6.418648636213816872e+01
9.436842100000001210e+01,6.409137776916597318e+01
9.446590900000001056e+01,6.399641520251268645e+01
9.456339700000000903e+01,6.390159843784662996e+01
9.466088500000000749e+01,6.380692725118301212e+01
9.475837300000000596e+01,6.371240141888337405e+01
9.485586100000000442e+01,6.361802071765495725e+01
9.495334900000000289e+01,6.352378492455017067e+01
9.505083700000000135e+01,6.342969381696600806e+01
9.514832499999999982e+01,6.333574717264349374e+01
9.524581299999999828e+01,6.324194476966707157e+01
9.534330099999999675e+01,6.314828638646411463e+01
9.544078899999999521e+01,6.305477180180427865e+01
9.553827699999999368e+01,6.296140079479896201e+01
9.563576599999998962e+01,6.286817218933660456e+01
9.573325399999998808e+01,6.277508767780596344e+01
9.583074200000001497e+01,6.268214608330675475e+01
9.592823000000001343e+01,6.258934718631188332e+01
9.602571800000001190e+01,6.249669076763311892e+01
9.612320600000001036e+01,6.240417660842067704e+01
9.622069400000000883e+01,6.231180449016261491e+01
9.631818200000000729e+01,6.221957419468431283e+01
9.641567000000000576e+01,6.212748550414787729e+01
9.651315800000000422e+01,6.203553820105164363e+01
9.661064600000000269e+01,6.194373206822958622e+01
9.670813400000000115e+01,6.185206688885081405e+01
9.680562199999999962e+01,6.176054244641898094e+01
9.690310999999999808e+01,6.166915852477178106e+01
9.700059799999999655e+01,6.157791490808035917e+01
9.709808599999999501e+01,6.148681138084884878e+01
9.719557399999999348e+01,6.139584772791374689e+01
9.729306199999999194e+01,6.130502373444344499e+01
9.739054999999999040e+01,6.121433918593763934e+01
9.748803799999998887e+01,6.112379386822683358e+01
9.758552600000001576e+01,6.103338756747177740e+01
9.768301400000001422e+01,6.094312007016299759e+01
9.778050200000001269e+01,6.085299116312014434e+01
9.787799000000001115e+01,6.076300063349158620e+01
9.797547800000000962e+01,6.067314826875379197e+01
9.807296600000000808e+01,6.058343385671086878e+01
9.817045500000000402e+01,6.049385626735156052e+01
9.826794300000000248e+01,6.040441712682814313e+01
9.836543100000000095e+01,6.031511530437011004e+01
9.846291899999999941e+01,6.022595058908677146e+01
9.856040699999999788e+01,6.013692277041241141e+01
9.865789499999999634e+01,6.004803163810575484e+01
9.875538299999999481e+01,5.995927698224951996e+01
9.885287099999999327e+01,5.987065859324983563e+01
9.895035899999999174e+01,5.978217626183575106e+01
9.904784699999999020e+01,5.969382977905871712e+01
9.914533499999998867e+01,5.960561893629206764e+01
9.924282300000001555e+01,5.951754352523047942e+01
9.934031100000001402e+01,5.942960333788957428e+01
9.943779900000001248e+01,5.934179816660525120e+01
9.953528700000001095e+01,5.925412780403325996e+01
9.963277500000000941e+01,5.916659204314868248e+01
9.973026300000000788e+01,5.907919067724543538e+01
9.982775100000000634e+01,5.899192349993573714e+01
9.992523900000000481e+01,5.890479030514963199e+01
1.000227270000000033e+02,5.881779088713444992e+01
1.001202150000000017e+02,5.873092504045431639e+01
1.002177030000000002e+02,5.864419255998971181e+01
1.003151909999999987e+02,5.855759324093683915e+01
1.004126789999999971e+02,5.847112687880725446e+01
1.005101669999999956e+02,5.838479326942728420e+01
1.006076549999999941e+02,5.829859220893756344e+01
1.007051439999999900e+02,5.821252261160589825e+01
1.008026319999999885e+02,5.812658603992771589e+01
1.009001200000000154e+02,5.804078140744043424e+01
1.009976080000000138e+02,5.795510851153694887e+01
1.010950960000000123e+02,5.786956714992194151e+01
1.011925840000000107e+02,5.778415712061144660e+01
1.012900720000000092e+02,5.769887822193233262e+01
1.013875600000000077e+02,5.761373025252182600e+01
1.014850480000000061e+02,5.752871301132699955e+01
1.015825360000000046e+02,5.744382629760433190e+01
1.016800240000000031e+02,5.735906991091913909e+01
1.017775120000000015e+02,5.727444365114516955e+01
1.018750000000000000e+02,5.718994731846408541e+01
1.019724879999999985e+02,5.710558071336495800e+01
1.020699759999999969e+02,5.702134363664382022e+01
1.021674639999999954e+02,5.693723588940317626e+01
1.022649519999999939e+02,5.685325727305148291e+01
1.023624399999999923e+02,5.676940758930272324e+01
1.024599279999999908e+02,5.668568664017590208e+01
1.025574159999999893e+02,5.660209422799454870e+01
1.026549040000000161e+02,5.651863015538624779e+01
1.027523920000000146e+02,5.643529422528222739e+01
1.028498800000000131e+02,5.635208624091679752e+01
1.029473680000000115e+02,5.626900600582688128e+01
1.030448560000000100e+02,5.618605332385157425e+01
1.031423440000000085e+02,5.610322799913168978e+01
1.032398330000000044e+02,5.602052898847005480e+01
1.033373210000000029e+02,5.593795779318913475e+01
1.034348090000000013e+02,5.585551336938941347e+01
1.035322969999999998e+02,5.577319552241372946e+01
1.036297849999999983e+02,5.569100405790425157e+01
1.037272729999999967e+02,5.560893878180202421e+01
1.038247609999999952e+02,5.552699950034649845e+01
1.039222489999999937e+02,5.544518602007501329e+01
1.040197369999999921e+02,5.536349814782244749e+01
1.041172249999999906e+02,5.528193569072062985e+01
1.042147129999999891e+02,5.520049845619795548e+01
1.043122010000000159e+02,5.511918625197885291e+01
1.044096890000000144e+02,5.503799888608345015e+01
1.045071770000000129e+02,5.495693616682696359e+01
1.046046650000000113e+02,5.487599790281932854e+01
1.047021530000000098e+02,5.479518390296468766e+01
1.047996410000000083e+02,5.471449397646098589e+01
1.048971290000000067e+02,5.463392793279947313e+01
1.049946170000000052e+02,5.455348558176426366e+01
1.050921050000000037e+02,5.447316673343189564e+01
1.051895930000000021e+02,5.439297119817081949e+01
1.052870810000000006e+02,5.431289878664099291e+01
1.053845689999999991e+02,5.423294930979344031e+01
1.054820569999999975e+02,5.415312257886973413e+01
1.055795449999999960e+02,5.407341840540159694e+01
1.056770329999999944e+02,5.399383660121044670e+01
1.057745219999999904e+02,5.391437616396213173e+01
1.058720099999999888e+02,5.383503853619606616e+01
1.059694980000000157e+02,5.375582271490288377e+01
1.060669860000000142e+02,5.367672851305826498e+01
1.061644740000000127e+02,5.359775574392527631e+01
1.062619620000000111e+02,5.351890422105400091e+01
1.063594500000000096e+02,5.344017375828106964e+01
1.064569380000000081e+02,5.336156416972920624e+01
1.065544260000000065e+02,5.328307526980678688e+01
1.066519140000000050e+02,5.320470687320742798e+01
1.067494020000000035e+02,5.312645879490949596e+01
1.068468900000000019e+02,5.304833085017566674e+01
1.069443780000000004e+02,5.297032285455256329e+01
1.070418659999999988e+02,5.289243462387018013e+01
1.071393539999999973e+02,5.281466597424156362e+01
1.072368419999999958e+02,5.273701672206234292e+01
1.073343299999999942e+02,5.265948668401022559e+01
1.074318179999999927e+02,5.258207567704467067e+01
1.075293059999999912e+02,5.250478351840634872e+01
1.076267939999999896e+02,5.242761002561675099e+01
1.077242819999999881e+02,5.235055501647778442e+01
1.078217700000000150e+02,5.227361830907126716e+01
1.079192580000000135e+02,5.219679972175859461e+01
1.080167460000000119e+02,5.212009907318017099e+01
1.081142340000000104e+02,5.204351618225511800e+01
1.082117220000000088e+02,5.196705086818070640e+01
1.083092110000000048e+02,5.189070216788159229e+01
1.084066990000000033e+02,5.181447146741259502e+01
1.085041870000000017e+02,5.173835780304935383e+01
1.086016750000000002e+02,5.166236099509774249e+01
1.086991629999999986e+02,5.158648086413974454e+01
1.087966509999999971e+02,5.151071723103295597e+01
1.088941389999999956e+02,5.143506991691020147e+01
1.089916269999999940e+02,5.135953874317909396e+01
1.090891149999999925e+02,5.128412353152162240e+01
1.091866029999999910e+02,5.120882410389371842e+01
1.092840909999999894e+02,5.113364028252482996e+01
1.093815790000000163e+02,5.105857188991747364e+01
1.094790670000000148e+02,5.098361874884692924e+01
1.095765550000000133e+02,5.090878068236063569e+01
1.096740430000000117e+02,5.083405751377789983e+01
1.097715310000000102e+02,5.075944906668944867e+01
1.098690190000000086e+02,5.068495516495698183e+01
1.099665070000000071e+02,5.061057563271278070e+01
1.100639950000000056e+02,5.053631029435930344e+01
1.101614830000000040e+02,5.046215897456870891e+01
1.102589710000000025e+02,5.038812149828249431e+01
1.103564590000000010e+02,5.031419769071109727e+01
1.104539469999999994e+02,5.024038737733337712e+01
1.105514349999999979e+02,5.016669038389631652e+01
1.106489229999999964e+02,5.009310653641455247e+01
1.107464109999999948e+02,5.001963566116996418e+01
1.108438999999999908e+02,4.994627683280607044e+01
1.109413879999999892e+02,4.987303138310279849e+01
1.110388760000000161e+02,4.979989838607991715e+01
1.111363640000000146e+02,4.972687766908423157e+01
1.112338520000000130e+02,4.965396905972765751e+01
1.113313400000000115e+02,4.958117238588694420e+01
1.114288280000000100e+02,4.950848747570317698e+01
1.115263160000000084e+02,4.943591415758145047e+01
1.116238040000000069e+02,4.936345226019038535e+01
1.117212920000000054e+02,4.929110161246175892e+01
1.118187800000000038e+02,4.921886204359010719e+01
1.119162680000000023e+02,4.914673338303230565e+01
1.120137560000000008e+02,4.907471546050715006e+01
1.121112439999999992e+02,4.900280810599499404e+01
1.122087319999999977e+02,4.893101114973728016e+01
1.123062199999999962e+02,4.885932442223622729e+01
1.124037079999999946e+02,4.878774775425435450e+01
1.125011959999999931e+02,4.871628097681409031e+01
1.125986839999999916e+02,4.864492392119738895e+01
1.126961719999999900e+02,4.857367641894536092e+01
1.127936599999999885e+02,4.850253830185779691e+01
1.128911480000000154e+02,4.843150940199279830e+01
1.129886360000000138e+02,4.836058955166650009e+01
1.130861240000000123e+02,4.828977858345244556e+01
1.131836120000000108e+02,4.821907633018135897e+01
1.132811000000000092e+02,4.814848262494067654e+01
1.133785890000000052e+02,4.807799657861411902e+01
1.134760770000000036e+02,4.800761947083075398e+01
1.135735650000000021e+02,4.793735041187492385e+01
1.136710530000000006e+02,4.786718923585704744e+01
1.137685409999999990e+02,4.779713577714235129e+01
1.138660289999999975e+02,4.772718987035040783e+01
1.139635169999999960e+02,4.765735135035477299e+01
1.140610049999999944e+02,4.758762005228258118e+01
1.141584929999999929e+02,4.751799581151418295e+01
1.142559809999999914e+02,4.744847846368273281e+01
1.143534689999999898e+02,4.737906784467377719e+01
1.144509569999999883e+02,4.730976379062493464e+01
1.145484450000000152e+02,4.724056613792539849e+01
1.146459330000000136e+02,4.717147472321571655e+01
1.147434210000000121e+02,4.710248938338719427e+01
1.148409090000000106e+02,4.703360995558170288e+01
1.149383970000000090e+02,4.696483627719115361e+01
1.150358850000000075e+02,4.689616818585719216e+01
1.151333730000000060e+02,4.682760551947077232e+01
1.152308610000000044e+02,4.675914811617180078e+01
1.153283490000000029e+02,4.669079581434874626e+01
1.154258370000000014e+02,4.662254845263824876e+01
1.155233249999999998e+02,4.655440586992473584e+01
1.156208129999999983e+02,4.648636790534005314e+01
1.157183009999999967e+02,4.641843439826308071e+01
1.158157889999999952e+02,4.635060518831932797e+01
1.159132779999999912e+02,4.628287942121252740e+01
1.160107659999999896e+02,4.621525832646226206e+01
1.161082539999999881e+02,4.614774104919627717e+01
1.162057420000000150e+02,4.608032743002289777e+01
1.163032300000000134e+02,4.601301730979526639e+01
1.164007180000000119e+02,4.594581052961083856e+01
1.164982060000000104e+02,4.587870693081109863e+01
1.165956940000000088e+02,4.581170635498119026e+01
1.166931820000000073e+02,4.574480864394945456e+01
1.167906700000000058e+02,4.567801363978718143e+01
1.168881580000000042e+02,4.561132118480811215e+01
1.169856460000000027e+02,4.554473112156816939e+01
1.170831340000000012e+02,4.547824329286499534e+01
1.171806219999999996e+02,4.541185754173764622e+01
1.172781099999999981e+02,4.534557371146620852e+01
1.173755979999999965e+02,4.527939164557137985e+01
1.174730859999999950e+02,4.521331118781418468e+01
1.175705739999999935e+02,4.514733218219551958e+01
1.176680619999999919e+02,4.508145447295584063e+01
1.177655499999999904e+02,4.501567790457475127e+01
1.178630379999999889e+02,4.495000232177068966e+01
1.179605260000000158e+02,4.488442756950048107e+01
1.180580140000000142e+02,4.481895349295910336e+01
1.181555020000000127e+02,4.475357993757916120e+01
1.182529900000000112e+02,4.468830674903063738e+01
1.183504780000000096e+02,4.462313377322045937e+01
1.184479670000000056e+02,4.455806018930817203e+01
1.185454550000000040e+02,4.449308717866561125e+01
1.186429430000000025e+02,4.442821391989885171e+01
1.187404310000000009e+02,4.436344025985908956e+01
1.188379189999999994e+02,4.429876604563269638e+01
1.189354069999999979e+02,4.423419112454080704e+01
1.190328949999999963e+02,4.416971534413900713e+01
1.191303829999999948e+02,4.410533855221695632e+01
1.192278709999999933e+02,4.404106059679804019e+01
1.193253589999999917e+02,4.397688132613895817e+01
1.194228469999999902e+02,4.391280058872945347e+01
1.195203349999999887e+02,4.384881823329187256e+01
1.196178230000000156e+02,4.378493410878083836e+01
1.197153110000000140e+02,4.372114806438295176e+01
1.198127990000000125e+02,4.365745994951630848e+01
1.199102870000000109e+02,4.359386961383027170e+01
1.200077750000000094e+02,4.353037690720501729e+01
1.201052630000000079e+02,4.346698167975123539e+01
1.202027510000000063e+02,4.340368378180978226e+01
1.203002390000000048e+02,4.334048306395126815e+01
1.203977270000000033e+02,4.327737937697576598e+01
1.204952150000000017e+02,4.321437257191243475e+01
1.205927030000000002e+02,4.315146250001917849e+01
1.206901909999999987e+02,4.308864901278224124e+01
1.207876789999999971e+02,4.302593196191594416e+01
1.208851669999999956e+02,4.296331119936226628e+01
1.209826559999999915e+02,4.290078593642599714e+01
1.210801439999999900e+02,4.283835730821638776e+01
1.211776319999999885e+02,4.277602452550643619e+01
1.212751200000000154e+02,4.271378744114531401e+01
1.213726080000000138e+02,4.265164590820823776e+01
1.214700960000000123e+02,4.258959977999592184e+01
1.215675840000000107e+02,4.252764891003435821e+01
1.216650720000000092e+02,4.246579315207441141e+01
1.217625600000000077e+02,4.240403236009152721e+01
1.218600480000000061e+02,4.234236638828535604e+01
1.219575360000000046e+02,4.228079509107937639e+01
1.220550240000000031e+02,4.221931832312061772e+01
1.221525120000000015e+02,4.215793593927926963e+01
1.222500000000000000e+02,4.209664779464835505e+01
1.223474879999999985e+02,4.203545374454339623e+01
1.224449759999999969e+02,4.197435364450204531e+01
1.225424639999999954e+02,4.191334735028375746e+01
1.226399519999999939e+02,4.185243471786948533e+01
1.227374399999999923e+02,4.179161560346125981e+01
1.228349279999999908e+02,4.173088986348194851e+01
1.229324159999999893e+02,4.167025735457480096e+01
1.230299040000000161e+02,4.160971793360322124e+01
1.231273920000000146e+02,4.154927145765037722e+01
1.232248800000000131e+02,4.148891778401887365e+01
1.233223680000000115e+02,4.142865677023036852e+01
1.234198560000000100e+02,4.136848827402531725e+01
1.235173450000000059e+02,4.130841153759468654e+01
1.236148330000000044e+02,4.124842765159659308e+01
1.237123210000000029e+02,4.118853585771100256e+01
1.238098090000000013e+02,4.112873601455005002e+01
1.239072969999999998e+02,4.106902798094292706e+01
1.240047849999999983e+02,4.100941161593556927e+01
1.241022729999999967e+02,4.094988677879037198e+01
1.241997609999999952e+02,4.089045332898574969e+01
1.242972489999999937e+02,4.083111112621592298e+01
1.243947369999999921e+02,4.077186003039049922e+01
1.244922249999999906e+02,4.071269990163419550e+01
1.245897129999999891e+02,4.065363060028645492e+01
1.246872010000000159e+02,4.059465198690117660e+01
1.247846890000000144e+02,4.053576392224639591e+01
1.248821770000000129e+02,4.047696626730382263e+01
1.249796650000000113e+02,4.041825888326869176e+01
1.250771530000000098e+02,4.035964163154930873e+01
1.251746410000000083e+02,4.030111437376677941e+01
1.252721290000000067e+02,4.024267697175467617e+01
1.253696170000000052e+02,4.018432928755870392e+01
1.254671050000000037e+02,4.012607118343634482e+01
1.255645930000000021e+02,4.006790252185660961e+01
1.256620810000000006e+02,4.000982316549963258e+01
1.257595689999999991e+02,3.995183297725639449e+01
1.258570569999999975e+02,3.989393182022839568e+01
1.259545449999999960e+02,3.983611955772727953e+01
1.260520339999999919e+02,3.977839546162056195e+01
1.261495219999999904e+02,3.972076057985576369e+01
1.262470099999999888e+02,3.966321418380940145e+01
1.263444980000000157e+02,3.960575613763062108e+01
1.264419860000000142e+02,3.954838630567724778e+01
1.265394740000000127e+02,3.949110455251528862e+01
1.266369620000000111e+02,3.943391074291871234e+01
1.267344500000000096e+02,3.937680474186910828e+01
1.268319380000000081e+02,3.931978641455533818e+01
1.269294260000000065e+02,3.926285562637328752e+01
1.270269140000000050e+02,3.920601224292546050e+01
1.271244020000000035e+02,3.914925613002071714e+01
1.272218900000000019e+02,3.909258715367396775e+01
1.273193780000000004e+02,3.903600518010581055e+01
1.274168659999999988e+02,3.897951007574224747e+01
1.275143539999999973e+02,3.892310170721436435e+01
1.276118419999999958e+02,3.886677994135798997e+01
1.277093299999999942e+02,3.881054464521344727e+01
1.278068179999999927e+02,3.875439568602514129e+01
1.279043059999999912e+02,3.869833293124133888e+01
1.280017939999999896e+02,3.864235624851380635e+01
1.280992819999999881e+02,3.858646550569750389e+01
1.281967700000000150e+02,3.853066057085024454e+01
1.282942580000000135e+02,3.847494131223250946e+01
1.283917460000000119e+02,3.841930759830695052e+01
1.284892340000000104e+02,3.836375929773819848e+01
1.285867230000000063e+02,3.830829571090801977e+01
1.286842110000000048e+02,3.825291784472584311e+01
1.287816990000000033e+02,3.819762499910164877e+01
1.288791870000000017e+02,3.814241704350479978e+01
1.289766750000000002e+02,3.808729384760503223e+01
1.290741629999999986e+02,3.803225528127222077e+01
1.291716509999999971e+02,3.797730121457597363e+01
1.292691389999999956e+02,3.792243151778545496e+01
1.293666269999999940e+02,3.786764606136894429e+01
1.294641149999999925e+02,3.781294471599362339e+01
1.295616029999999910e+02,3.775832735252524230e+01
1.296590909999999894e+02,3.770379384202778539e+01
1.297565790000000163e+02,3.764934405576322263e+01
1.298540670000000148e+02,3.759497786519118279e+01
1.299515550000000133e+02,3.754069514196861945e+01
1.300490430000000117e+02,3.748649575794954814e+01
1.301465310000000102e+02,3.743237958518469810e+01
1.302440190000000086e+02,3.737834649592129921e+01
1.303415070000000071e+02,3.732439636260265559e+01
1.304389950000000056e+02,3.727052905786796799e+01
1.305364830000000040e+02,3.721674445455193592e+01
1.306339710000000025e+02,3.716304242568452310e+01
1.307314590000000010e+02,3.710942284449058803e+01
1.308289469999999994e+02,3.705588558438967794e+01
1.309264349999999979e+02,3.700243051899567348e+01
1.310239229999999964e+02,3.694905752211646188e+01
1.311214119999999923e+02,3.689576592153134982e+01
1.312188999999999908e+02,3.684255668471874401e+01
1.313163879999999892e+02,3.678942913900465328e+01
1.314138760000000161e+02,3.673638315897014905e+01
1.315113640000000146e+02,3.668341861938892379e+01
1.316088520000000130e+02,3.663053539522688595e+01
1.317063400000000115e+02,3.657773336164192557e+01
1.318038280000000100e+02,3.652501239398358734e+01
1.319013160000000084e+02,3.647237236779280067e+01
1.319988040000000069e+02,3.641981315880157410e+01
1.320962920000000054e+02,3.636733464293271822e+01
1.321937800000000038e+02,3.631493669629951171e+01
1.322912680000000023e+02,3.626261919520548105e+01
1.323887560000000008e+02,3.621038201614402396e+01
1.324862439999999992e+02,3.615822503579816782e+01
1.325837319999999977e+02,3.610614813104027121e+01
1.326812199999999962e+02,3.605415117893174681e+01
1.327787079999999946e+02,3.600223405672272747e+01
1.328761959999999931e+02,3.595039664185181749e+01
1.329736839999999916e+02,3.589863881194580131e+01
1.330711719999999900e+02,3.584696044481930954e+01
1.331686599999999885e+02,3.579536141847459874e+01
1.332661480000000154e+02,3.574384161110119607e+01
1.333636360000000138e+02,3.569240090107568619e+01
1.334611240000000123e+02,3.564103916696134178e+01
1.335586120000000108e+02,3.558975628750791032e+01
1.336561010000000067e+02,3.553855161681929076e+01
1.337535890000000052e+02,3.548742608448694114e+01
1.338510770000000036e+02,3.543637904417924034e+01
1.339485650000000021e+02,3.538541037538880829e+01
1.340460530000000006e+02,3.533451995779331156e+01
1.341435409999999990e+02,3.528370767125514362e+01
1.342410289999999975e+02,3.523297339582111931e+01
1.343385169999999960e+02,3.518231701172224035e+01
1.344360049999999944e+02,3.513173839937337561e+01
1.345334929999999929e+02,3.508123743937299821e+01
1.346309809999999914e+02,3.503081401250291549e+01
1.347284689999999898e+02,3.498046799972794219e+01
1.348259569999999883e+02,3.493019928219563752e+01
1.349234450000000152e+02,3.488000774123607783e+01
1.350209330000000136e+02,3.482989325836150840e+01
1.351184210000000121e+02,3.477985571526608055e+01
1.352159090000000106e+02,3.472989499382559586e+01
1.353133970000000090e+02,3.468001097609719352e+01
1.354108850000000075e+02,3.463020354431910164e+01
1.355083730000000060e+02,3.458047258091034593e+01
1.356058610000000044e+02,3.453081796847047258e+01
1.357033490000000029e+02,3.448123958977927117e+01
1.358008370000000014e+02,3.443173732779649754e+01
1.358983249999999998e+02,3.438231106566159667e+01
1.359958129999999983e+02,3.433296068669342560e+01
1.360933009999999967e+02,3.428368607438999760e+01
1.361907899999999927e+02,3.423448660814892719e+01
1.362882779999999912e+02,3.418536318115837958e+01
1.363857659999999896e+02,3.413631517239747382e+01
1.364832539999999881e+02,3.408734246607803442e+01
1.365807420000000150e+02,3.403844494658962105e+01
1.366782300000000134e+02,3.398962249849935802e+01
1.367757180000000119e+02,3.394087500655151501e+01
1.368732060000000104e+02,3.389220235566735084e+01
1.369706940000000088e+02,3.384360443094480786e+01
1.370681820000000073e+02,3.379508111765822065e+01
1.371656700000000058e+02,3.374663230125806734e+01
1.372631580000000042e+02,3.369825786737069961e+01
1.373606460000000027e+02,3.364995770179803714e+01
1.374581340000000012e+02,3.360173169051737574e+01
1.375556219999999996e+02,3.355357971968103215e+01
1.376531099999999981e+02,3.350550167561611659e+01
1.377505979999999965e+02,3.345749744482426280e+01
1.378480859999999950e+02,3.340956691398137224e+01
1.379455739999999935e+02,3.336170996993731563e+01
1.380430619999999919e+02,3.331392649971567010e+01
1.381405499999999904e+02,3.326621639051349888e+01
1.382380379999999889e+02,3.321857952970102446e+01
1.383355260000000158e+02,3.317101580482137280e+01
1.384330140000000142e+02,3.312352510359037439e+01
1.385305020000000127e+02,3.307610731389621606e+01
1.386279900000000112e+02,3.302876232379920651e+01
1.387254790000000071e+02,3.298148953700012953e+01
1.388229670000000056e+02,3.293428981170941938e+01
1.389204550000000040e+02,3.288716255122574950e+01
1.390179430000000025e+02,3.284010764429530838e+01
1.391154310000000009e+02,3.279312497983507058e+01
1.392129189999999994e+02,3.274621444693254801e+01
1.393104069999999979e+02,3.269937593484555549e+01
1.394078949999999963e+02,3.265260933300191226e+01
1.395053829999999948e+02,3.260591453099922177e+01
1.396028709999999933e+02,3.255929141860455189e+01
1.397003589999999917e+02,3.251273988575423601e+01
1.397978469999999902e+02,3.246625982255357457e+01
1.398953349999999887e+02,3.241985111927659347e+01
1.399928230000000156e+02,3.237351366636576699e+01
1.400903110000000140e+02,3.232724735443181174e+01
1.401877990000000125e+02,3.228105207425332424e+01
1.402852870000000109e+02,3.223492771677664592e+01
1.403827750000000094e+02,3.218887417311551502e+01
1.404802630000000079e+02,3.214289133455084624e+01
1.405777510000000063e+02,3.209697909253046788e+01
1.406752390000000048e+02,3.205113733866886605e+01
1.407727270000000033e+02,3.200536596474695727e+01
1.408702150000000017e+02,3.195966486271175100e+01
1.409677030000000002e+02,3.191403392467620392e+01
1.410651909999999987e+02,3.186847304291887184e+01
1.411626789999999971e+02,3.182298210988371423e+01
1.412601679999999931e+02,3.177756055262296542e+01
1.413576559999999915e+02,3.173220919573903487e+01
1.414551439999999900e+02,3.168692746589779574e+01
1.415526319999999885e+02,3.164171525620220038e+01
1.416501200000000154e+02,3.159657245991931163e+01
1.417476080000000138e+02,3.155149897048008256e+01
1.418450960000000123e+02,3.150649468147905097e+01
1.419425840000000107e+02,3.146155948667412616e+01
1.420400720000000092e+02,3.141669327998633321e+01
1.421375600000000077e+02,3.137189595549955712e+01
1.422350480000000061e+02,3.132716740746028705e+01
1.423325360000000046e+02,3.128250753027739250e+01
1.424300240000000031e+02,3.123791621852182843e+01
1.425275120000000015e+02,3.119339336692643627e+01
1.426250000000000000e+02,3.114893887038566334e+01
1.427224879999999985e+02,3.110455262395532472e+01
1.428199759999999969e+02,3.106023452285235109e+01
1.429174639999999954e+02,3.101598446245455420e+01
1.430149519999999939e+02,3.097180233830035689e+01
1.431124399999999923e+02,3.092768804608857280e+01
1.432099279999999908e+02,3.088364148167813994e+01
1.433074159999999893e+02,3.083966254108788974e+01
1.434049040000000161e+02,3.079575112049626995e+01
1.435023920000000146e+02,3.075190711624117057e+01
1.435998800000000131e+02,3.070813042481960053e+01
1.436973680000000115e+02,3.066442094288746745e+01
1.437948570000000075e+02,3.062077811993398413e+01
1.438923450000000059e+02,3.057720274826967710e+01
1.439898330000000044e+02,3.053369427701251126e+01
1.440873210000000029e+02,3.049025260345160859e+01
1.441848090000000013e+02,3.044687762503377115e+01
1.442822969999999998e+02,3.040356923936323952e+01
1.443797849999999983e+02,3.036032734420147250e+01
1.444772729999999967e+02,3.031715183746690201e+01
1.445747609999999952e+02,3.027404261723465950e+01
1.446722489999999937e+02,3.023099958173638058e+01
1.447697369999999921e+02,3.018802262935993141e+01
1.448672249999999906e+02,3.014511165864919917e+01
1.449647129999999891e+02,3.010226656830381131e+01
1.450622010000000159e+02,3.005948725717892955e+01
1.451596890000000144e+02,3.001677362428501894e+01
1.452571770000000129e+02,2.997412556878757073e+01
1.453546650000000113e+02,2.993154299000688567e+01
1.454521530000000098e+02,2.988902578741784666e+01
1.455496410000000083e+02,2.984657386064967000e+01
1.456471290000000067e+02,2.980418710948566385e+01
1.457446170000000052e+02,2.976186543386299732e+01
1.458421050000000037e+02,2.971960873387246593e+01
1.459395930000000021e+02,2.967741690975825719e+01
1.460370810000000006e+02,2.963528986191770898e+01
1.461345689999999991e+02,2.959322749090107862e+01
1.462320569999999975e+02,2.955122969741130490e+01
1.463295459999999935e+02,2.950929595249592197e+01
1.464270339999999919e+02,2.946742701743811921e+01
1.465245219999999904e+02,2.942562236292874189e+01
1.466220099999999888e+02,2.938388189027912034e+01
1.467194980000000157e+02,2.934220550095209390e+01
1.468169860000000142e+02,2.930059309656181910e+01
1.469144740000000127e+02,2.925904457887346766e+01
1.470119620000000111e+02,2.921755984980303467e+01
1.471094500000000096e+02,2.917613881141711119e+01
1.472069380000000081e+02,2.913478136593263557e+01
1.473044260000000065e+02,2.909348741571668029e+01
1.474019140000000050e+02,2.905225686328620327e+01
1.474994020000000035e+02,2.901108961130782760e+01
1.475968900000000019e+02,2.896998556259761415e+01
1.476943780000000004e+02,2.892894462012082712e+01
1.477918659999999988e+02,2.888796668699170667e+01
1.478893539999999973e+02,2.884705166647323793e+01
1.479868419999999958e+02,2.880619946197692371e+01
1.480843299999999942e+02,2.876540997706255709e+01
1.481818179999999927e+02,2.872468311543800468e+01
1.482793059999999912e+02,2.868401878095895796e+01
1.483767939999999896e+02,2.864341687762871658e+01
1.484742819999999881e+02,2.860287730959796804e+01
1.485717700000000150e+02,2.856239998116453904e+01
1.486692580000000135e+02,2.852198479677322140e+01
1.487667460000000119e+02,2.848163166101547716e+01
1.488642350000000079e+02,2.844134006565293049e+01
1.489617230000000063e+02,2.840111074215648657e+01
1.490592110000000048e+02,2.836094318194504282e+01
1.491566990000000033e+02,2.832083729019463902e+01
1.492541870000000017e+02,2.828079297222690514e+01
1.493516750000000002e+02,2.824081013350882330e+01
1.494491629999999986e+02,2.820088867965250401e+01
1.495466509999999971e+02,2.816102851641498717e+01
1.496441389999999956e+02,2.812122954969798272e+01
1.497416269999999940e+02,2.808149168554768593e+01
1.498391149999999925e+02,2.804181483015452159e+01
1.499366029999999910e+02,2.800219888985295214e+01
1.500340909999999894e+02,2.796264377112122546e+01
1.501315790000000163e+02,2.792314938058118656e+01
1.502290670000000148e+02,2.788371562499804668e+01
1.503265550000000133e+02,2.784434241128014875e+01
1.504240430000000117e+02,2.780502964647875785e+01
1.505215310000000102e+02,2.776577723778784090e+01
1.506190190000000086e+02,2.772658509254384640e+01
1.507165070000000071e+02,2.768745311822550192e+01
1.508139950000000056e+02,2.764838122245356189e+01
1.509114830000000040e+02,2.760936931299061570e+01
1.510089710000000025e+02,2.757041729774087457e+01
1.511064590000000010e+02,2.753152508474992288e+01
1.512039469999999994e+02,2.749269258220454049e+01
1.513014349999999979e+02,2.745391969843244340e+01
1.513989239999999938e+02,2.741520594509817244e+01
1.514964119999999923e+02,2.737655202502780938e+01
1.515938999999999908e+02,2.733795744955659401e+01
1.516913879999999892e+02,2.729942212757391573e+01
1.517888760000000161e+02,2.726094596810906268e+01
1.518863640000000146e+02,2.722252888033100504e+01
1.519838520000000130e+02,2.718417077354813571e+01
1.520813400000000115e+02,2.714587155720809974e+01
1.521788280000000100e+02,2.710763114089754922e+01
1.522763160000000084e+02,2.706944943434196915e+01
1.523738040000000069e+02,2.703132634740542883e+01
1.524712920000000054e+02,2.699326179009037929e+01
1.525687800000000038e+02,2.695525567253744725e+01
1.526662680000000023e+02,2.691730790502522552e+01
1.527637560000000008e+02,2.687941839797003141e+01
1.528612439999999992e+02,2.684158706192575750e+01
1.529587319999999977e+02,2.680381380758357324e+01
1.530562199999999962e+02,2.676609854577180059e+01
1.531537079999999946e+02,2.672844118745565467e+01
1.532511959999999931e+02,2.669084164373703061e+01
1.533486839999999916e+02,2.665329982585432234e+01
1.534461719999999900e+02,2.661581564518219167e+01
1.535436599999999885e+02,2.657838901323136938e+01
1.536411480000000154e+02,2.654101984164842420e+01
1.537386360000000138e+02,2.650370804221561016e+01
1.538361240000000123e+02,2.646645352685058938e+01
1.539336130000000082e+02,2.642925582634138237e+01
1.540311010000000067e+02,2.639211561599101330e+01
1.541285890000000052e+02,2.635503242627110154e+01
1.542260770000000036e+02,2.631800616963899841e+01
1.543235650000000021e+02,2.628103675868646150e+01
1.544210530000000006e+02,2.624412410613943436e+01
1.545185409999999990e+02,2.620726812485786539e+01
1.546160289999999975e+02,2.617046872783546618e+01
1.547135169999999960e+02,2.613372582819955525e+01
1.548110049999999944e+02,2.609703933921079866e+01
1.549084929999999929e+02,2.606040917426305015e+01
1.550059809999999914e+02,2.602383524688311667e+01
1.551034689999999898e+02,2.598731747073057363e+01
1.552009569999999883e+02,2.595085575959754820e+01
1.552984450000000152e+02,2.591445002740851677e+01
1.553959330000000136e+02,2.587810018822012381e+01
1.554934210000000121e+02,2.584180615622094379e+01
1.555909090000000106e+02,2.580556784573130713e+01
1.556883970000000090e+02,2.576938517120306926e+01
1.557858850000000075e+02,2.573325804721944365e+01
1.558833730000000060e+02,2.569718638849477443e+01
1.559808610000000044e+02,2.566117010987434099e+01
1.560783490000000029e+02,2.562520912633416970e+01
1.561758370000000014e+02,2.558930335298081005e+01
1.562733249999999998e+02,2.555345270505116062e+01
1.563708129999999983e+02,2.551765709791223458e+01
1.564683019999999942e+02,2.548191608072668046e+01
1.565657899999999927e+02,2.544623030235225869e+01
1.566632779999999912e+02,2.541059931164759433e+01
1.567607659999999896e+02,2.537502302449826530e+01
1.568582539999999881e+02,2.533950135691898709e+01
1.569557420000000150e+02,2.530403422505337119e+01
1.570532300000000134e+02,2.526862154517386827e+01
1.571507180000000119e+02,2.523326323368139867e+01
1.572482060000000104e+02,2.519795920710524939e+01
1.573456940000000088e+02,2.516270938210285735e+01
1.574431820000000073e+02,2.512751367545962466e+01
1.575406700000000058e+02,2.509237200408871260e+01
1.576381580000000042e+02,2.505728428503081062e+01
1.577356460000000027e+02,2.502225043545401206e+01
1.578331340000000012e+02,2.498727037265356898e+01
1.579306219999999996e+02,2.495234401405168967e+01
1.580281099999999981e+02,2.491747127719740007e+01
1.581255979999999965e+02,2.488265207976628091e+01
1.582230859999999950e+02,2.484788633956031489e+01
1.583205739999999935e+02,2.481317397450768070e+01
1.584180619999999919e+02,2.477851490266256107e+01
1.585155499999999904e+02,2.474390904220494036e+01
1.586130379999999889e+02,2.470935631144043754e+01
1.587105260000000158e+02,2.467485662880006103e+01
1.588080140000000142e+02,2.464040991284011284e+01
1.589055020000000127e+02,2.460601608224186521e+01
1.590029910000000086e+02,2.457167470382301389e+01
1.591004790000000071e+02,2.453738640103169644e+01
1.591979670000000056e+02,2.450315074039347607e+01
1.592954550000000040e+02,2.446896764108790023e+01
1.593929430000000025e+02,2.443483702241859490e+01
1.594904310000000009e+02,2.440075880381307272e+01
1.595879189999999994e+02,2.436673290482255183e+01
1.596854069999999979e+02,2.433275924512176758e+01
1.597828949999999963e+02,2.429883774450876288e+01
1.598803829999999948e+02,2.426496832290472838e+01
1.599778709999999933e+02,2.423115090035377861e+01
1.600753589999999917e+02,2.419738539702280988e+01
1.601728469999999902e+02,2.416367173320125872e+01
1.602703349999999887e+02,2.413000982930095262e+01
1.603678230000000156e+02,2.409639960585590401e+01
1.604653110000000140e+02,2.406284098352215040e+01
1.605627990000000125e+02,2.402933388307750562e+01
1.606602870000000109e+02,2.399587822542143911e+01
1.607577750000000094e+02,2.396247393157485561e+01
1.608552630000000079e+02,2.392912092267990687e+01
1.609527510000000063e+02,2.389581911999983532e+01
1.610502390000000048e+02,2.386256844491872897e+01
1.611477270000000033e+02,2.382936881894141123e+01
1.612452150000000017e+02,2.379622016369320292e+01
1.613427030000000002e+02,2.376312240091974104e+01
1.614401909999999987e+02,2.373007545248681893e+01
1.615376799999999946e+02,2.369707890217580015e+01
1.616351679999999931e+02,2.366413334902021504e+01
1.617326559999999915e+02,2.363123837652075920e+01
1.618301439999999900e+02,2.359839390702194351e+01
1.619276319999999885e+02,2.356559986298751141e+01
1.620251200000000154e+02,2.353285616700023652e+01
1.621226080000000138e+02,2.350016274176176978e+01
1.622200960000000123e+02,2.346751951009242276e+01
1.623175840000000107e+02,2.343492639493099716e+01
1.624150720000000092e+02,2.340238331933461069e+01
1.625125600000000077e+02,2.336989020647850523e+01
1.626100480000000061e+02,2.333744697965587278e+01
1.627075360000000046e+02,2.330505356227768132e+01
1.628050240000000031e+02,2.327270987787246881e+01
1.629025120000000015e+02,2.324041585008618682e+01
1.630000000000000000e+02,2.320817140268200163e+01
1.630974879999999985e+02,2.317597645954014496e+01
1.631949759999999969e+02,2.314383094465769375e+01
1.632924639999999954e+02,2.311173478214842447e+01
1.633899519999999939e+02,2.307968789624260353e+01
1.634874399999999923e+02,2.304769021128684514e+01
1.635849279999999908e+02,2.301574165174390885e+01
1.636824159999999893e+02,2.298384214219250765e+01
1.637799040000000161e+02,2.295199160732715526e+01
1.638773920000000146e+02,2.292018997195800267e+01
1.639748800000000131e+02,2.288843716101060366e+01
1.640723690000000090e+02,2.285673277456569252e+01
1.641698570000000075e+02,2.282507738819829868e+01
1.642673450000000059e+02,2.279347060171946282e+01
1.643648330000000044e+02,2.276191234051474410e+01
1.644623210000000029e+02,2.273040253008424116e+01
1.645598090000000013e+02,2.269894109604243582e+01
1.646572969999999998e+02,2.266752796411802606e+01
1.647547849999999983e+02,2.263616306015371649e+01
1.648522729999999967e+02,2.260484631010607970e+01
1.649497609999999952e+02,2.257357764004535028e+01
1.650472489999999937e+02,2.254235697615528622e+01
1.651447369999999921e+02,2.251118424473295576e+01
1.652422249999999906e+02,2.248005937218858818e+01
1.653397129999999891e+02,2.244898228504539617e+01
1.654372010000000159e+02,2.241795290993939815e+01
1.655346890000000144e+02,2.238697117361925137e+01
1.656321770000000129e+02,2.235603700294606710e+01
1.657296650000000113e+02,2.232515032489324369e+01
1.658271530000000098e+02,2.229431106654630668e+01
1.659246410000000083e+02,2.226351915510272050e+01
1.660221290000000067e+02,2.223277451787171088e+01
1.661196170000000052e+02,2.220207708227412624e+01
1.662171050000000037e+02,2.217142677584221744e+01
1.663145930000000021e+02,2.214082352621952410e+01
1.664120810000000006e+02,2.211026726116064722e+01
1.665095689999999991e+02,2.207975790853111775e+01
1.666070579999999950e+02,2.204929508407271754e+01
1.667045459999999935e+02,2.201887934082065357e+01
1.668020339999999919e+02,2.198851029425758341e+01
1.668995219999999904e+02,2.195818787269100980e+01
1.669970099999999888e+02,2.192791200453848788e+01
1.670944980000000157e+02,2.189768261832748308e+01
1.671919860000000142e+02,2.186749964269520419e+01
1.672894740000000127e+02,2.183736300638839722e+01
1.673869620000000111e+02,2.180727263826320694e+01
1.674844500000000096e+02,2.177722846728502404e+01
1.675819380000000081e+02,2.174723042252826843e+01
1.676794260000000065e+02,2.171727843317626849e+01
1.677769140000000050e+02,2.168737242852107272e+01
1.678744020000000035e+02,2.165751233796328989e+01
1.679718900000000019e+02,2.162769809101190432e+01
1.680693780000000004e+02,2.159792961728414085e+01
1.681668659999999988e+02,2.156820684650527653e+01
1.682643539999999973e+02,2.153852970850847015e+01
1.683618419999999958e+02,2.150889813323461652e+01
1.684593299999999942e+02,2.147931205073217598e+01
1.685568179999999927e+02,2.144977139115698250e+01
1.686543059999999912e+02,2.142027608477212652e+01
1.687517939999999896e+02,2.139082606194774172e+01
1.688492819999999881e+02,2.136142125316088070e+01
1.689467700000000150e+02,2.133206158899531601e+01
1.690442580000000135e+02,2.130274700014141942e+01
1.691417470000000094e+02,2.127347711738873670e+01
1.692392350000000079e+02,2.124425247211529921e+01
1.693367230000000063e+02,2.121507269486167857e+01
1.694342110000000048e+02,2.118593771674290238e+01
1.695316990000000033e+02,2.115684746897973767e+01
1.696291870000000017e+02,2.112780188289856298e+01
1.697266750000000002e+02,2.109880088993117297e+01
1.698241629999999986e+02,2.106984442161465054e+01
1.699216509999999971e+02,2.104093240959116429e+01
1.700191389999999956e+02,2.101206478560786550e+01
1.701166269999999940e+02,2.098324148151666080e+01
1.702141149999999925e+02,2.095446242927409841e+01
1.703116029999999910e+02,2.092572756094119413e+01
1.704090909999999894e+02,2.089703680868327140e+01
1.705065790000000163e+02,2.086839010476976597e+01
1.706040670000000148e+02,2.083978738157415833e+01
1.707015550000000133e+02,2.081122857157370731e+01
1.707990430000000117e+02,2.078271360734935413e+01
1.708965310000000102e+02,2.075424242158554833e+01
1.709940190000000086e+02,2.072581494707008076e+01
1.710915070000000071e+02,2.069743111669394509e+01
1.711889950000000056e+02,2.066909086345114233e+01
1.712864830000000040e+02,2.064079412043857431e+01
1.713839710000000025e+02,2.061254082085583406e+01
1.714814590000000010e+02,2.058433089800509919e+01
1.715789469999999994e+02,2.055616428529091522e+01
1.716764359999999954e+02,2.052804062796134232e+01
1.717739239999999938e+02,2.049996043658533296e+01
1.718714119999999923e+02,2.047192335617170755e+01
1.719688999999999908e+02,2.044392932053307277e+01
1.720663879999999892e+02,2.041597826358361800e+01
1.721638760000000161e+02,2.038807011933901947e+01
1.722613640000000146e+02,2.036020482191626257e+01
1.723588520000000130e+02,2.033238230553345360e+01
1.724563400000000115e+02,2.030460250450971671e+01
1.725538280000000100e+02,2.027686535326499850e+01
1.726513160000000084e+02,2.024917078631994727e+01
1.727488040000000069e+02,2.022151873829572111e+01
1.728462920000000054e+02,2.019390914391386715e+01
1.729437800000000038e+02,2.016634193799614394e+01
1.730412680000000023e+02,2.013881705546438283e+01
1.731387560000000008e+02,2.011133443134032817e+01
1.732362439999999992e+02,2.008389400074547382e+01
1.733337319999999977e+02,2.005649569890093886e+01
1.734312199999999962e+02,2.002913946112727928e+01
1.735287079999999946e+02,2.000182522284436715e+01
1.736261959999999931e+02,1.997455291957120949e+01
1.737236839999999916e+02,1.994732248692581322e+01
1.738211719999999900e+02,1.992013386062503599e+01
1.739186599999999885e+02,1.989298697648442271e+01
1.740161480000000154e+02,1.986588177041804926e+01
1.741136360000000138e+02,1.983881817843841233e+01
1.742111250000000098e+02,1.981179585968585499e+01
1.743086130000000082e+02,1.978481530473513672e+01
1.744061010000000067e+02,1.975787617249675421e+01
1.745035890000000052e+02,1.973097839937523190e+01
1.746010770000000036e+02,1.970412192187274414e+01
1.746985650000000021e+02,1.967730667658893751e+01
1.747960530000000006e+02,1.965053260022080295e+01
1.748935409999999990e+02,1.962379962956251944e+01
1.749910289999999975e+02,1.959710770150530479e+01
1.750885169999999960e+02,1.957045675303726284e+01
1.751860049999999944e+02,1.954384672124324496e+01
1.752834929999999929e+02,1.951727754330468301e+01
1.753809809999999914e+02,1.949074915649946860e+01
1.754784689999999898e+02,1.946426149820178253e+01
1.755759569999999883e+02,1.943781450588194559e+01
1.756734450000000152e+02,1.941140811710628356e+01
1.757709330000000136e+02,1.938504226953698861e+01
1.758684210000000121e+02,1.935871690093194886e+01
1.759659090000000106e+02,1.933243194914460261e+01
1.760633970000000090e+02,1.930618735212381409e+01
1.761608850000000075e+02,1.927998304791370643e+01
1.762583730000000060e+02,1.925381897465352665e+01
1.763558610000000044e+02,1.922769507057748939e+01
1.764533490000000029e+02,1.920161127401464540e+01
1.765508370000000014e+02,1.917556752338872172e+01
1.766483249999999998e+02,1.914956375721797954e+01
1.767458139999999958e+02,1.912359964799102485e+01
1.768433019999999942e+02,1.909767566707144226e+01
1.769407899999999927e+02,1.907179148672698332e+01
1.770382779999999912e+02,1.904594704585261411e+01
1.771357659999999896e+02,1.902014228343710656e+01
1.772332539999999881e+02,1.899437713856291410e+01
1.773307420000000150e+02,1.896865155040599760e+01
1.774282300000000134e+02,1.894296545823572586e+01
1.775257180000000119e+02,1.891731880141468736e+01
1.776232060000000104e+02,1.889171151939856585e+01
1.777206940000000088e+02,1.886614355173600543e+01
1.778181820000000073e+02,1.884061483806845771e+01
1.779156700000000058e+02,1.881512531813003619e+01
1.780131580000000042e+02,1.878967493174739189e+01
1.781106460000000027e+02,1.876426361883954286e+01
1.782081340000000012e+02,1.873889131941775688e+01
1.783056219999999996e+02,1.871355797358540229e+01
1.784031099999999981e+02,1.868826352153780590e+01
1.785005979999999965e+02,1.866300790356210726e+01
1.785980859999999950e+02,1.863779106003712016e+01
1.786955739999999935e+02,1.861261293143320472e+01
1.787930619999999919e+02,1.858747345831210396e+01
1.788905499999999904e+02,1.856237258132682300e+01
1.789880379999999889e+02,1.853731024122146565e+01
1.790855260000000158e+02,1.851228637883113137e+01
1.791830140000000142e+02,1.848730093508175543e+01
1.792805030000000102e+02,1.846235359528746400e+01
1.793779910000000086e+02,1.843744481235297172e+01
1.794754790000000071e+02,1.841257427138021896e+01
1.795729670000000056e+02,1.838774191365708077e+01
1.796704550000000040e+02,1.836294768056156101e+01
1.797679430000000025e+02,1.833819151356167154e+01
1.798654310000000009e+02,1.831347335421529721e+01
1.799629189999999994e+02,1.828879314417003243e+01
1.800604069999999979e+02,1.826415082516306754e+01
1.801578949999999963e+02,1.823954633902104305e+01
1.802553829999999948e+02,1.821497962765991119e+01
1.803528709999999933e+02,1.819045063308479371e+01
1.804503589999999917e+02,1.816595929738985760e+01
1.805478469999999902e+02,1.814150556275816584e+01
1.806453349999999887e+02,1.811708937146155307e+01
1.807428230000000156e+02,1.809271066586047283e+01
1.808403110000000140e+02,1.806836938840388740e+01
1.809377990000000125e+02,1.804406548162910795e+01
1.810352870000000109e+02,1.801979888816165953e+01
1.811327750000000094e+02,1.799556955071516029e+01
1.812302630000000079e+02,1.797137741209117934e+01
1.813277510000000063e+02,1.794722241517910177e+01
1.814252390000000048e+02,1.792310450295599011e+01
1.815227270000000033e+02,1.789902361848645285e+01
1.816202150000000017e+02,1.787497970492251653e+01
1.817177030000000002e+02,1.785097270550347659e+01
1.818151919999999961e+02,1.782700231786675360e+01
1.819126799999999946e+02,1.780306897718105574e+01
1.820101679999999931e+02,1.777917238087990270e+01
1.821076559999999915e+02,1.775531247255036860e+01
1.822051439999999900e+02,1.773148919586613559e+01
1.823026319999999885e+02,1.770770249458736956e+01
1.824001200000000154e+02,1.768395231256055666e+01
1.824976080000000138e+02,1.766023859371842875e+01
1.825950960000000123e+02,1.763656128207977858e+01
1.826925840000000107e+02,1.761292032174934263e+01
1.827900720000000092e+02,1.758931565691767673e+01
1.828875600000000077e+02,1.756574723186101750e+01
1.829850480000000061e+02,1.754221499094115799e+01
1.830825360000000046e+02,1.751871887860530563e+01
1.831800240000000031e+02,1.749525883938596493e+01
1.832775120000000015e+02,1.747183481790078829e+01
1.833750000000000000e+02,1.744844675885246588e+01
1.834724879999999985e+02,1.742509460702857638e+01
1.835699759999999969e+02,1.740177830730146979e+01
1.836674639999999954e+02,1.737849780462812888e+01
1.837649519999999939e+02,1.735525304405004832e+01
1.838624399999999923e+02,1.733204397069309621e+01
1.839599279999999908e+02,1.730887052976738261e+01
1.840574159999999893e+02,1.728573266656714580e+01
1.841549040000000161e+02,1.726263032647059958e+01
1.842523920000000146e+02,1.723956345493984088e+01
1.843498810000000105e+02,1.721653176145296271e+01
1.844473690000000090e+02,1.719353566413722945e+01
1.845448570000000075e+02,1.717057487227483747e+01
1.846423450000000059e+02,1.714764933166201644e+01
1.847398330000000044e+02,1.712475898817822184e+01
1.848373210000000029e+02,1.710190378778600362e+01
1.849348090000000013e+02,1.707908367653086401e+01
1.850322969999999998e+02,1.705629860054114388e+01
1.851297849999999983e+02,1.703354850602789838e+01
1.852272729999999967e+02,1.701083333928474772e+01
1.853247609999999952e+02,1.698815304668778836e+01
1.854222489999999937e+02,1.696550757469543314e+01
1.855197369999999921e+02,1.694289686984828691e+01
1.856172249999999906e+02,1.692032087876905067e+01
1.857147129999999891e+02,1.689777954816235450e+01
1.858122010000000159e+02,1.687527282481465818e+01
1.859096890000000144e+02,1.685280065559413387e+01
1.860071770000000129e+02,1.683036298745050985e+01
1.861046650000000113e+02,1.680795976741496034e+01
1.862021530000000098e+02,1.678559094259998830e+01
1.862996410000000083e+02,1.676325646019929039e+01
1.863971290000000067e+02,1.674095626748764332e+01
1.864946170000000052e+02,1.671869031182075815e+01
1.865921050000000037e+02,1.669645854063518087e+01
1.866895930000000021e+02,1.667426090144815376e+01
1.867870810000000006e+02,1.665209734185749468e+01
1.868845699999999965e+02,1.662996758271831155e+01
1.869820579999999950e+02,1.660787202578376309e+01
1.870795459999999935e+02,1.658581039172072025e+01
1.871770339999999919e+02,1.656378262844806315e+01
1.872745219999999904e+02,1.654178868396464352e+01
1.873720099999999888e+02,1.651982850634914257e+01
1.874694980000000157e+02,1.649790204375994662e+01
1.875669860000000142e+02,1.647600924443506187e+01
1.876644740000000127e+02,1.645415005669192965e+01
1.877619620000000111e+02,1.643232442892735889e+01
1.878594500000000096e+02,1.641053230961738052e+01
1.879569380000000081e+02,1.638877364731711950e+01
1.880544260000000065e+02,1.636704839066069539e+01
1.881519140000000050e+02,1.634535648836108379e+01
1.882494020000000035e+02,1.632369788920999909e+01
1.883468900000000019e+02,1.630207254207777723e+01
1.884443780000000004e+02,1.628048039591325136e+01
1.885418659999999988e+02,1.625892139974363459e+01
1.886393539999999973e+02,1.623739550267438858e+01
1.887368419999999958e+02,1.621590265388912400e+01
1.888343299999999942e+02,1.619444280264946556e+01
1.889318179999999927e+02,1.617301589829493125e+01
1.890293059999999912e+02,1.615162189024282213e+01
1.891267939999999896e+02,1.613026072798809452e+01
1.892242819999999881e+02,1.610893236110324267e+01
1.893217700000000150e+02,1.608763673923818871e+01
1.894192590000000109e+02,1.606637359417951672e+01
1.895167470000000094e+02,1.604514331194749488e+01
1.896142350000000079e+02,1.602394562414784218e+01
1.897117230000000063e+02,1.600278048073896997e+01
1.898092110000000048e+02,1.598164783175612413e+01
1.899066990000000033e+02,1.596054762731125010e+01
1.900041870000000017e+02,1.593947981759288623e+01
1.901016750000000002e+02,1.591844435286605730e+01
1.901991629999999986e+02,1.589744118347213586e+01
1.902966509999999971e+02,1.587647025982873572e+01
1.903941389999999956e+02,1.585553153242959112e+01
1.904916269999999940e+02,1.583462495184444663e+01
1.905891149999999925e+02,1.581375046871893986e+01
1.906866029999999910e+02,1.579290803377446650e+01
1.907840909999999894e+02,1.577209759780810217e+01
1.908815790000000163e+02,1.575131911169242116e+01
1.909790670000000148e+02,1.573057252637547876e+01
1.910765550000000133e+02,1.570985779288060158e+01
1.911740430000000117e+02,1.568917486230631297e+01
1.912715310000000102e+02,1.566852368582622290e+01
1.913690190000000086e+02,1.564790421468889292e+01
1.914665070000000071e+02,1.562731640021774382e+01
1.915639950000000056e+02,1.560676019381091351e+01
1.916614830000000040e+02,1.558623554694117175e+01
1.917589710000000025e+02,1.556574241115578516e+01
1.918564590000000010e+02,1.554528073807641064e+01
1.919539479999999969e+02,1.552485026999302065e+01
1.920514359999999954e+02,1.550445137780911153e+01
1.921489239999999938e+02,1.548408380364087478e+01
1.922464119999999923e+02,1.546374749940638083e+01
1.923438999999999908e+02,1.544344241709752197e+01
1.924413879999999892e+02,1.542316850877988799e+01
1.925388760000000161e+02,1.540292572659266312e+01
1.926363640000000146e+02,1.538271402274852662e+01
1.927338520000000130e+02,1.536253334953350702e+01
1.928313400000000115e+02,1.534238365930689696e+01
1.929288280000000100e+02,1.532226490450112166e+01
1.930263160000000084e+02,1.530217703762164660e+01
1.931238040000000069e+02,1.528212001124684605e+01
1.932212920000000054e+02,1.526209377802790002e+01
1.933187800000000038e+02,1.524209829068869482e+01
1.934162680000000023e+02,1.522213350202568094e+01
1.935137560000000008e+02,1.520219936490779489e+01
1.936112439999999992e+02,1.518229583227631707e+01
1.937087319999999977e+02,1.516242285714479010e+01
1.938062199999999962e+02,1.514258039259889088e+01
1.939037079999999946e+02,1.512276839179632049e+01
1.940011959999999931e+02,1.510298680796669046e+01
1.940986839999999916e+02,1.508323559441142692e+01
1.941961719999999900e+02,1.506351470450365326e+01
1.942936599999999885e+02,1.504382409168806589e+01
1.943911480000000154e+02,1.502416370948084179e+01
1.944886370000000113e+02,1.500453331026404058e+01
1.945861250000000098e+02,1.498493325041636126e+01
1.946836130000000082e+02,1.496536328215286815e+01
1.947811010000000067e+02,1.494582335927454508e+01
1.948785890000000052e+02,1.492631343565331292e+01
1.949760770000000036e+02,1.490683346523190878e+01
1.950735650000000021e+02,1.488738340202376520e+01
1.951710530000000006e+02,1.486796320011293915e+01
1.952685409999999990e+02,1.484857281365396986e+01
1.953660289999999975e+02,1.482921219687177938e+01
1.954635169999999960e+02,1.480988130406158021e+01
1.955610049999999944e+02,1.479058008958873671e+01
1.956584929999999929e+02,1.477130850788869054e+01
1.957559809999999914e+02,1.475206651346682918e+01
1.958534689999999898e+02,1.473285406089839000e+01
1.959509569999999883e+02,1.471367110482835017e+01
1.960484450000000152e+02,1.469451759997131646e+01
1.961459330000000136e+02,1.467539350111142937e+01
1.962434210000000121e+02,1.465629876310224233e+01
1.963409090000000106e+02,1.463723334086661865e+01
1.964383970000000090e+02,1.461819718939663559e+01
1.965358850000000075e+02,1.459919026375346007e+01
1.966333730000000060e+02,1.458021251906726334e+01
1.967308610000000044e+02,1.456126391053709668e+01
1.968283490000000029e+02,1.454234439343079544e+01
1.969258370000000014e+02,1.452345392308487249e+01
1.970233259999999973e+02,1.450459226157824233e+01
1.971208139999999958e+02,1.448575975133360316e+01
1.972183019999999942e+02,1.446695615426942894e+01
1.973157899999999927e+02,1.444818142599588739e+01
1.974132779999999912e+02,1.442943552219129444e+01
1.975107659999999896e+02,1.441071839860200754e+01
1.976082539999999881e+02,1.439203001104234048e+01
1.977057420000000150e+02,1.437337031539442478e+01
1.978032300000000134e+02,1.435473926760814578e+01
1.979007180000000119e+02,1.433613682370100761e+01
1.979982060000000104e+02,1.431756293975803729e+01
1.980956940000000088e+02,1.429901757193168521e+01
1.981931820000000073e+02,1.428050067644172216e+01
1.982906700000000058e+02,1.426201220957513982e+01
1.983881580000000042e+02,1.424355212768602286e+01
1.984856460000000027e+02,1.422512038719548499e+01
1.985831340000000012e+02,1.420671694459154111e+01
1.986806219999999996e+02,1.418834175642899353e+01
1.987781099999999981e+02,1.416999477932937168e+01
1.988755979999999965e+02,1.415167596998077570e+01
1.989730859999999950e+02,1.413338528513782322e+01
1.990705739999999935e+02,1.411512268162151074e+01
1.991680619999999919e+02,1.409688811631914263e+01
1.992655499999999904e+02,1.407868154618418899e+01
1.993630379999999889e+02,1.406050292823623948e+01
1.994605260000000158e+02,1.404235221956083635e+01
1.995580150000000117e+02,1.402422919155403491e+01
1.996555030000000102e+02,1.400613417322906074e+01
1.997529910000000086e+02,1.398806693582779204e+01
1.998504790000000071e+02,1.397002743669873226e+01
1.999479670000000056e+02,1.395201563325585781e+01
2.000454550000000040e+02,1.393403148297852923e+01
2.001429430000000025e+02,1.391607494341138462e+01
2.002404310000000009e+02,1.389814597216425440e+01
2.003379189999999994e+02,1.388024452691204047e+01
2.004354069999999979e+02,1.386237056539462387e+01
2.005328949999999963e+02,1.384452404541677240e+01
2.006303829999999948e+02,1.382670492484803404e+01
2.007278709999999933e+02,1.380891316162263394e+01
2.008253589999999917e+02,1.379114871373938911e+01
2.009228469999999902e+02,1.377341153926159123e+01
2.010203349999999887e+02,1.375570159631691780e+01
2.011178230000000156e+02,1.373801884309733978e+01
2.012153110000000140e+02,1.372036323785901146e+01
2.013127990000000125e+02,1.370273473892217098e+01
2.014102870000000109e+02,1.368513330467105149e+01
2.015077750000000094e+02,1.366755889355377462e+01
2.016052630000000079e+02,1.365001146408226163e+01
2.017027510000000063e+02,1.363249097483211614e+01
2.018002390000000048e+02,1.361499738444256025e+01
2.018977270000000033e+02,1.359753065161629593e+01
2.019952150000000017e+02,1.358009073511944464e+01
2.020927039999999977e+02,1.356267741530030335e+01
2.021901919999999961e+02,1.354529100828775867e+01
2.022876799999999946e+02,1.352793129428199137e+01
2.023851679999999931e+02,1.351059823230175638e+01
2.024826559999999915e+02,1.349329178142872365e+01
2.025801439999999900e+02,1.347601190080739286e+01
2.026776319999999885e+02,1.345875854964497620e+01
2.027751200000000154e+02,1.344153168721131664e+01
2.028726080000000138e+02,1.342433127283880268e+01
2.029700960000000123e+02,1.340715726592224399e+01
2.030675840000000107e+02,1.339000962591879684e+01
2.031650720000000092e+02,1.337288831234786457e+01
2.032625600000000077e+02,1.335579328479098749e+01
2.033600480000000061e+02,1.333872450289177536e+01
2.034575360000000046e+02,1.332168192635578663e+01
2.035550240000000031e+02,1.330466551495044314e+01
2.036525120000000015e+02,1.328767522850494132e+01
2.037500000000000000e+02,1.327071102691014914e+01
2.038474879999999985e+02,1.325377287011850314e+01
2.039449759999999969e+02,1.323686071814394083e+01
2.040424639999999954e+02,1.321997453106177289e+01
2.041399519999999939e+02,1.320311426900861917e+01
2.042374399999999923e+02,1.318627989218229501e+01
2.043349279999999908e+02,1.316947136084171888e+01
2.044324159999999893e+02,1.315268863530683774e+01
2.045299040000000161e+02,1.313593167595848854e+01
2.046273930000000121e+02,1.311920027174668490e+01
2.047248810000000105e+02,1.310249472642050961e+01
2.048223690000000090e+02,1.308581482878762969e+01
2.049198570000000075e+02,1.306916053947165324e+01
2.050173450000000059e+02,1.305253181915663774e+01
2.051148330000000044e+02,1.303592862858699419e+01
2.052123210000000029e+02,1.301935092856741960e+01
2.053098090000000013e+02,1.300279867996277616e+01
2.054072969999999998e+02,1.298627184369799892e+01
2.055047849999999983e+02,1.296977038075803534e+01
2.056022729999999967e+02,1.295329425218772101e+01
2.056997609999999952e+02,1.293684341909169788e+01
2.057972489999999937e+02,1.292041784263431836e+01
2.058947369999999921e+02,1.290401748403957782e+01
2.059922249999999906e+02,1.288764230459097604e+01
2.060897129999999891e+02,1.287129226563147810e+01
2.061872010000000159e+02,1.285496732856337943e+01
2.062846890000000144e+02,1.283866745484825600e+01
2.063821770000000129e+02,1.282239260600682940e+01
2.064796650000000113e+02,1.280614274361890637e+01
2.065771530000000098e+02,1.278991782932327936e+01
2.066746410000000083e+02,1.277371782481763773e+01
2.067721290000000067e+02,1.275754269185846823e+01
2.068696170000000052e+02,1.274139239226098397e+01
2.069671050000000037e+02,1.272526688789901428e+01
2.070645930000000021e+02,1.270916614070491946e+01
2.071620819999999981e+02,1.269308994789354017e+01
2.072595699999999965e+02,1.267703860131896576e+01
2.073570579999999950e+02,1.266101189805928584e+01
2.074545459999999935e+02,1.264500980028011057e+01
2.075520339999999919e+02,1.262903227020512631e+01
2.076495219999999904e+02,1.261307927011602459e+01
2.077470099999999888e+02,1.259715076235240616e+01
2.078444980000000157e+02,1.258124670931168154e+01
2.079419860000000142e+02,1.256536707344900705e+01
2.080394740000000127e+02,1.254951181727716403e+01
2.081369620000000111e+02,1.253368090336650198e+01
2.082344500000000096e+02,1.251787429434482846e+01
2.083319380000000081e+02,1.250209195289732378e+01
2.084294260000000065e+02,1.248633384176646288e+01
2.085269140000000050e+02,1.247059992375191939e+01
2.086244020000000035e+02,1.245489016171048036e+01
2.087218900000000019e+02,1.243920451855596099e+01
2.088193780000000004e+02,1.242354295725911228e+01
2.089168659999999988e+02,1.240790544084752867e+01
2.090143539999999973e+02,1.239229193240557692e+01
2.091118419999999958e+02,1.237670239507429315e+01
2.092093299999999942e+02,1.236113679205131177e+01
2.093068179999999927e+02,1.234559508659075533e+01
2.094043059999999912e+02,1.233007724200317412e+01
2.095017939999999896e+02,1.231458322165543962e+01
2.095992819999999881e+02,1.229911298897066629e+01
2.096967710000000125e+02,1.228366634910486610e+01
2.097942590000000109e+02,1.226824358248297386e+01
2.098917470000000094e+02,1.225284449412960797e+01
2.099892350000000079e+02,1.223746904769199162e+01
2.100867230000000063e+02,1.222211720687316472e+01
2.101842110000000048e+02,1.220678893543187726e+01
2.102816990000000033e+02,1.219148419718253606e+01
2.103791870000000017e+02,1.217620295599509461e+01
2.104766750000000002e+02,1.216094517579498202e+01
2.105741629999999986e+02,1.214571082056300710e+01
2.106716509999999971e+02,1.213049985433527667e+01
2.107691389999999956e+02,1.211531224120312089e+01
2.108666269999999940e+02,1.210014794531299032e+01
2.109641149999999925e+02,1.208500693086638123e+01
2.110616029999999910e+02,1.206988916211976104e+01
2.111590909999999894e+02,1.205479460338446174e+01
2.112565790000000163e+02,1.203972321902661236e+01
2.113540670000000148e+02,1.202467497346705017e+01
2.114515550000000133e+02,1.200964983118123541e+01
2.115490430000000117e+02,1.199464775669916961e+01
2.116465310000000102e+02,1.197966871460531380e+01
2.117440190000000086e+02,1.196471266953849266e+01
2.118415070000000071e+02,1.194977958619182701e+01
2.119389950000000056e+02,1.193486942931264139e+01
2.120364830000000040e+02,1.191998216370238239e+01
2.121339710000000025e+02,1.190511775421654406e+01
2.122314599999999984e+02,1.189027601364132991e+01
2.123289479999999969e+02,1.187545721142008048e+01
2.124264359999999954e+02,1.186066116021276073e+01
2.125239239999999938e+02,1.184588782509018756e+01
